Device Name,Device Desription,Device EUI,Lot Number,Address,app_eui,key,,,,,,
210508030111,WX-BS-1P-S-EM,8CF957200000A848,7416,"14 Titan Dr, Signal Hill, Newcastle, 2940",8CF9572000000000,2B7E151628AED2A6ABF7158809CF4F3C,,,,,,
210508030112,WX-BS-1P-S-EM,8CF957200000BA59,7406,"7 Titan Dr, Signal Hill, Newcastle, 2940",8CF9572000000000,2B7E151628AED2A6ABF7158809CF4F3C,,,,,,
210508030113,WX-BS-1P-S-EM,8CF957200000BE66,7405,"9 Titan Dr, Signal Hill, Newcastle, 2940",8CF9572000000000,2B7E151628AED2A6ABF7158809CF4F3C,,,,,,
210508030114,WX-BS-1P-S-EM,8CF957200000BA77,7404,"11 Titan Dr, Signal Hill, Newcastle, 2940",8CF9572000000000,2B7E151628AED2A6ABF7158809CF4F3C,,,,,,
210508030115,WX-BS-1P-S-EM,8CF957200000AF9E,7415,"12 Titan Dr, Signal Hill, Newcastle, 2940",8CF9572000000000,2B7E151628AED2A6ABF7158809CF4F3C,,,,,,
210508030116,WX-BS-1P-S-EM,8CF957200000B92E,7407,"5 Titan Dr, Signal Hill, Newcastle, 2940",8CF9572000000000,2B7E151628AED2A6ABF7158809CF4F3C,,,,,,
210508030117,WX-BS-1P-S-EM,8CF957200000B76C,7413,"8 Titan Dr, Signal Hill, Newcastle, 2940",8CF9572000000000,2B7E151628AED2A6ABF7158809CF4F3C,,,,,,
210508030118,WX-BS-1P-S-EM,8CF957200000BEB7,7412,"6 Titan Dr, Signal Hill, Newcastle, 2940",8CF9572000000000,2B7E151628AED2A6ABF7158809CF4F3C,,,,,,
210508030119,WX-BS-1P-S-EM,8CF957200000A813,7417,"16 Titan Dr, Signal Hill, Newcastle, 2940",8CF9572000000000,2B7E151628AED2A6ABF7158809CF4F3C,,,,,,
210508030120,WX-BS-1P-S-EM,8CF957200000A7C3,7408,"3 Titan Dr, Signal Hill, Newcastle, 2940",8CF9572000000000,2B7E151628AED2A6ABF7158809CF4F3C,,,,,,
210508030121,WX-BS-1P-S-EM,8CF957200000BA29,7575,"219 Drakensberg Dr, Signal Hill, Newcastle, 2940",8CF9572000000000,2B7E151628AED2A6ABF7158809CF4F3C,,,,,,
210508030122,WX-BS-1P-S-EM,8CF957200000B02C,7414,"10 Titan Dr, Signal Hill, Newcastle, 2940",8CF9572000000000,2B7E151628AED2A6ABF7158809CF4F3C,,,,,,
210508030123,WX-BS-1P-S-EM,8CF957200000B6A4,9004,"5 Meteor Ave, Signal Hill, Newcastle, 2940",8CF9572000000000,2B7E151628AED2A6ABF7158809CF4F3C,,,,,,
210508030124,WX-BS-1P-S-EM,8CF957200000BE74,9000,"6 Meteor Ave, Signal Hill, Newcastle, 2940",8CF9572000000000,2B7E151628AED2A6ABF7158809CF4F3C,,,,,,
210508030125,WX-BS-1P-S-EM,8CF957200000AEE2,8976,"26 Star Dr, Signal Hill, Newcastle, 2940",8CF9572000000000,2B7E151628AED2A6ABF7158809CF4F3C,,,,,,
210508030126,WX-BS-1P-S-EM,8CF957200000B6C4,9005,"3 Meteor Ave, Signal Hill, Newcastle, 2940",8CF9572000000000,2B7E151628AED2A6ABF7158809CF4F3C,,,,,,
210508030227,WX-BS-1P-S-EM,8cf957200000b715,1,Lab Test Meter,8CF9572000000000,2B7E151628AED2A6ABF7158809CF4F3C,,,,,,
210508030127,WX-BS-1P-S-EM,8CF957200000AFA4,8941,"33 Pisces Cres, Signal Hill, Newcastle, 2940",8CF9572000000000,2B7E151628AED2A6ABF7158809CF4F3C,,,,,,
210508030128,WX-BS-1P-S-EM,8CF957200000B9FD,8962,"1 Aquila Ave, Signal Hill, Newcastle, 2940",8CF9572000000000,2B7E151628AED2A6ABF7158809CF4F3C,,,,,,
210508030129,WX-BS-1P-S-EM,8CF957200000B7D0,8960,"5 Aquila Ave, Signal Hill, Newcastle, 2940",8CF9572000000000,2B7E151628AED2A6ABF7158809CF4F3C,,,,,,
210508030130,WX-BS-1P-S-EM,8CF957200000A7A8,8975,"24 Star Dr, Signal Hill, Newcastle, 2940",8CF9572000000000,2B7E151628AED2A6ABF7158809CF4F3C,,,,,,
210508030131,WX-BS-1P-S-EM,8CF957200000A89E,8974,"22 Star Dr, Signal Hill, Newcastle, 2940",8CF9572000000000,2B7E151628AED2A6ABF7158809CF4F3C,,,,,,
210508030132,WX-BS-1P-S-EM,8CF957200000B80D,8973,"20 Star Dr, Signal Hill, Newcastle, 2940",8CF9572000000000,2B7E151628AED2A6ABF7158809CF4F3C,,,,,,
210508030133,WX-BS-1P-S-EM,8CF957200000C329,8977,"28 Star Dr, Signal Hill, Newcastle, 2940",8CF9572000000000,2B7E151628AED2A6ABF7158809CF4F3C,,,,,,
210508030134,WX-BS-1P-S-EM,8CF957200000B6C5,8944,"27 Pisces Cres, Signal Hill, Newcastle, 2940",8CF9572000000000,2B7E151628AED2A6ABF7158809CF4F3C,,,,,,
210508030135,WX-BS-1P-S-EM,8CF957200000BEA6,9349,"36 Milky Way, Signal Hill, Newcastle, 2940",8CF9572000000000,2B7E151628AED2A6ABF7158809CF4F3C,,,,,,
210508030136,WX-BS-1P-S-EM,8CF957200000B7BC,7475,"35 Titan Dr, Signal Hill, Newcastle, 2940",8CF9572000000000,2B7E151628AED2A6ABF7158809CF4F3C,,,,,,
210508030137,WX-BS-1P-S-EM,8CF957200000C434,7316,"9 Moon Ave, Signal Hill, Newcastle",8CF9572000000000,2B7E151628AED2A6ABF7158809CF4F3C,,,,,,
210508030138,WX-BS-1P-S-EM,8CF957200000AC3E,7501,"29 Uranus Cres, Signal Hill, Newcastle, 2940",8CF9572000000000,2B7E151628AED2A6ABF7158809CF4F3C,,,,,,
210508030139,WX-BS-1P-S-EM,8CF957200000B2A5,7470,"65 Erica Dr, Signal Hill, Newcastle, 2940",8CF9572000000000,2B7E151628AED2A6ABF7158809CF4F3C,,,,,,
210508030140,WX-BS-1P-S-EM,8CF957200000BEC0,9119,"22 Sun Ave, Signal Hill, Newcastle, 2940",8CF9572000000000,2B7E151628AED2A6ABF7158809CF4F3C,,,,,,
210508030141,WX-BS-1P-S-EM,8CF957200000AC01,7472,"29 Titan Dr, Signal Hill, Newcastle, 2940",8CF9572000000000,2B7E151628AED2A6ABF7158809CF4F3C,,,,,,
210508030142,WX-BS-1P-S-EM,8CF957200000AB22,9182,"37 Milky Way, Signal Hill, Newcastle, 2940",8CF9572000000000,2B7E151628AED2A6ABF7158809CF4F3C,,,,,,
210508030143,WX-BS-1P-S-EM,8CF957200000B327,9184,"33 Milky Way, Signal Hill, Newcastle, 2940",8CF9572000000000,2B7E151628AED2A6ABF7158809CF4F3C,,,,,,
210508030144,WX-BS-1P-S-EM,8CF957200000BDC7,9194,"1B Ceberus, Signal Hill, Newcastle, 2940",8CF9572000000000,2B7E151628AED2A6ABF7158809CF4F3C,,,,,,
210508030145,WX-BS-1P-S-EM,8CF957200000B713,9200,"15 Milky Way, Signal Hill, Newcastle, 2940",8CF9572000000000,2B7E151628AED2A6ABF7158809CF4F3C,,,,,,
210508030146,WX-BS-1P-S-EM,8CF957200000BE9D,9190,"9 Ceberus, Signal Hill, Newcastle, 2940",8CF9572000000000,2B7E151628AED2A6ABF7158809CF4F3C,,,,,,
210508030147,WX-BS-1P-S-EM,8CF957200000C2FF,7320,"6 Mercurius, Signal Hill, Newcastle, 2940",8CF9572000000000,2B7E151628AED2A6ABF7158809CF4F3C,,,,,,
210508030148,WX-BS-1P-S-EM,8CF957200000BA48,15520,"6 Mountain Creek Unit, Signal Hill, Newcastle, 2940",8CF9572000000000,2B7E151628AED2A6ABF7158809CF4F3C,,,,,,
210508030149,WX-BS-1P-S-EM,8CF957200000BDB2,,,8CF9572000000000,2B7E151628AED2A6ABF7158809CF4F3C,,,,,,
210508030150,WX-BS-1P-S-EM,8CF957200000C4B3,15520,"15 Mountain Creek Unit, Signal Hill, Newcastle, 2940",8CF9572000000000,2B7E151628AED2A6ABF7158809CF4F3C,,,,,,
210508030151,WX-BS-1P-S-EM,8CF957200000BB5F,1415,"214 Victoria, Signal Hill, Newcastle, 2940",8CF9572000000000,2B7E151628AED2A6ABF7158809CF4F3C,,,,,,
210508030152,WX-BS-1P-S-EM,8CF957200000A7C4,,,8CF9572000000000,2B7E151628AED2A6ABF7158809CF4F3C,,,,,,
210508030153,WX-BS-1P-S-EM,8CF957200000AEDC,7574,"4 Drakensville Flat, Signal Hill, Newcastle, 2940",8CF9572000000000,2B7E151628AED2A6ABF7158809CF4F3C,,,,,,
210508030154,WX-BS-1P-S-EM,8CF957200000BB0F,7574,"217 Drakenberg, 2 Drakensville, Signal Hill, Newcastle, 2940",8CF9572000000000,2B7E151628AED2A6ABF7158809CF4F3C,,,,,,
210508030155,WX-BS-1P-S-EM,8CF957200000B7B1,14159,"212 Victoria, Signal Hill, Newcastle, 2940",8CF9572000000000,2B7E151628AED2A6ABF7158809CF4F3C,,,,,,
210508030156,WX-BS-1P-S-EM,8CF957200000BFCE,7574,"1 Drakensville Flat, Signal Hill, Newcastle, 2940",8CF9572000000000,2B7E151628AED2A6ABF7158809CF4F3C,,,,,,
210508030157,WX-BS-1P-S-EM,8CF957200000C179,7574,"3 Drakensville, Signal Hill, Newcastle, 2940",8CF9572000000000,2B7E151628AED2A6ABF7158809CF4F3C,,,,,,
210508030158,WX-BS-1P-S-EM,8CF957200000C6B6,7321,"4 Mercurius, Signal Hill, Newcastle, 2940",8CF9572000000000,2B7E151628AED2A6ABF7158809CF4F3C,,,,,,
210508030159,WX-BS-1P-S-EM,8CF957200000B812,,,8CF9572000000000,2B7E151628AED2A6ABF7158809CF4F3C,,,,,,
210508030160,WX-BS-1P-S-EM,8CF957200000AF2D,,,8CF9572000000000,2B7E151628AED2A6ABF7158809CF4F3C,,,,,,
210508030161,WX-BS-1P-S-EM,8CF957200000B7FA,9114,"4 Lunar Ave, Signal Hill, Newcastle, 2940",8CF9572000000000,2B7E151628AED2A6ABF7158809CF4F3C,,,,,,
210508030162,WX-BS-1P-S-EM,8CF957200000AF8E,,,8CF9572000000000,2B7E151628AED2A6ABF7158809CF4F3C,,,,,,
210508030164,WX-BS-1P-S-EM,8CF957200000BEB5,9030,"14 Gemini Ave, Signal Hill, Newcastle, 2940",8CF9572000000000,2B7E151628AED2A6ABF7158809CF4F3C,,,,,,
210508030165,WX-BS-1P-S-EM,8CF957200000C93F,9032,"18 Gemini Ave, Signal Hill, Newcastle, 2940",8CF9572000000000,2B7E151628AED2A6ABF7158809CF4F3C,,,,,,
210508030166,WX-BS-1P-S-EM,8CF957200000BECE,9031,"16 Gemini Ave, Signal Hill, Newcastle, 2940",8CF9572000000000,2B7E151628AED2A6ABF7158809CF4F3C,,,,,,
210508030167,WX-BS-1P-S-EM,8CF957200000B644,9112,"13 Gemini Ave, Signal Hill, Newcastle, 2940",8CF9572000000000,2B7E151628AED2A6ABF7158809CF4F3C,,,,,,
210508030168,WX-BS-1P-S-EM,8CF957200000BA6A,,,8CF9572000000000,2B7E151628AED2A6ABF7158809CF4F3C,,,,,,
210508030169,WX-BS-1P-S-EM,8CF957200000BA3F,9113,"2 Lunar Ave, Signal Hill, Newcastle, 2940",8CF9572000000000,2B7E151628AED2A6ABF7158809CF4F3C,,,,,,
210508030170,WX-BS-1P-S-EM,8CF957200000BB13,,,8CF9572000000000,2B7E151628AED2A6ABF7158809CF4F3C,,,,,,
210508030171,WX-BS-1P-S-EM,8CF957200000A888,8935,"32 Capricorn Dr, Signal Hill, Newcastle, 2940",8CF9572000000000,2B7E151628AED2A6ABF7158809CF4F3C,,,,,,
210508030172,WX-BS-1P-S-EM,8CF957200000AF90,8985,"47 Capricorn Dr, Signal Hill, Newcastle, 2940",8CF9572000000000,2B7E151628AED2A6ABF7158809CF4F3C,,,,,,
210508030173,WX-BS-1P-S-EM,8CF957200000B32D,8934,"30 Capricorn Dr, Signal Hill, Newcastle, 2940",8CF9572000000000,2B7E151628AED2A6ABF7158809CF4F3C,,,,,,
210508030174,WX-BS-1P-S-EM,8CF957200000A7C0,8933,"28 Capricorn Dr, Signal Hill, Newcastle, 2940",8CF9572000000000,2B7E151628AED2A6ABF7158809CF4F3C,,,,,,
210508030175,WX-BS-1P-S-EM,8CF957200000BA28,8987,"43 Capricorn Dr, Signal Hill, Newcastle, 2940",8CF9572000000000,2B7E151628AED2A6ABF7158809CF4F3C,,,,,,
210508030176,WX-BS-1P-S-EM,8CF957200000B6C3,8931,"24 Capricorn Dr, Signal Hill, Newcastle, 2940",8CF9572000000000,2B7E151628AED2A6ABF7158809CF4F3C,,,,,,
210508030177,WX-BS-1P-S-EM,8CF957200000C2FA,8984,"42 Star Dr, Signal Hill, Newcastle, 2940",8CF9572000000000,2B7E151628AED2A6ABF7158809CF4F3C,,,,,,
210508030178,WX-BS-1P-S-EM,8CF957200000BA4F,8940,"35 Pisces Cres, Signal Hill, Newcastle, 2940",8CF9572000000000,2B7E151628AED2A6ABF7158809CF4F3C,,,,,,
210508030179,WX-BS-1P-S-EM,8CF957200000AEF9,8936,"34 Capricorn Dr, Signal Hill, Newcastle, 2940",8CF9572000000000,2B7E151628AED2A6ABF7158809CF4F3C,,,,,,
210508030180,WX-BS-1P-S-EM,8CF957200000A7A0,8942,"31 Pisces Cres, Signal Hill, Newcastle, 2940",8CF9572000000000,2B7E151628AED2A6ABF7158809CF4F3C,,,,,,
210508030181,WX-BS-1P-S-EM,8CF957200000BEC9,8943,"29 Pisces Cres, Signal Hill, Newcastle, 2940",8CF9572000000000,2B7E151628AED2A6ABF7158809CF4F3C,,,,,,
210508030182,WX-BS-1P-S-EM,8CF957200000BB65,8945,"25 Pisces Cres, Signal Hill, Newcastle, 2940",8CF9572000000000,2B7E151628AED2A6ABF7158809CF4F3C,,,,,,
210508030183,WX-BS-1P-S-EM,8CF957200000C26A,,,8CF9572000000000,2B7E151628AED2A6ABF7158809CF4F3C,,,,,,
210508030184,WX-BS-1P-S-EM,8CF957200000BA47,,,8CF9572000000000,2B7E151628AED2A6ABF7158809CF4F3C,,,,,,
210508030185,WX-BS-1P-S-EM,8CF957200000AEF6,9176,"49 Milky Way, Signal Hill, Newcastle, 2940",8CF9572000000000,2B7E151628AED2A6ABF7158809CF4F3C,,,,,,
210508030186,WX-BS-1P-S-EM,8CF957200000BE8B,,,8CF9572000000000,2B7E151628AED2A6ABF7158809CF4F3C,,,,,,
210508030187,WX-BS-1P-S-EM,8CF957200000B93E,9174,"53 Milky Way, Signal Hill, Newcastle, 2940",8CF9572000000000,2B7E151628AED2A6ABF7158809CF4F3C,,,,,,
210508030188,WX-BS-1P-S-EM,8CF957200000B813,,,8CF9572000000000,2B7E151628AED2A6ABF7158809CF4F3C,,,,,,
210508030189,WX-BS-1P-S-EM,8CF957200000C2FE,,,8CF9572000000000,2B7E151628AED2A6ABF7158809CF4F3C,,,,,,
210508030190,WX-BS-1P-S-EM,8CF957200000A2C8,15520,"11 Mountain Creek Unit, Signal Hill, Newcastle, 2940",8CF9572000000000,2B7E151628AED2A6ABF7158809CF4F3C,,,,,,
210508030191,WX-BS-1P-S-EM,8CF957200000BE6D,,,8CF9572000000000,2B7E151628AED2A6ABF7158809CF4F3C,,,,,,
210508030192,WX-BS-1P-S-EM,8CF957200000B7A6,9175,"51 Milky Way, Signal Hill, Newcastle, 2940",8CF9572000000000,2B7E151628AED2A6ABF7158809CF4F3C,,,,,,
210508030193,WX-BS-1P-S-EM,8CF957200000C66C,15520,"8 Mountain Creek Unit, Signal Hill, Newcastle, 2940",8CF9572000000000,2B7E151628AED2A6ABF7158809CF4F3C,,,,,,
210508030194,WX-BS-1P-S-EM,8CF957200000C2BB,15520,"9 Mountain Creek Unit, Signal Hill, Newcastle, 2940",8CF9572000000000,2B7E151628AED2A6ABF7158809CF4F3C,,,,,,
210508030195,WX-BS-1P-S-EM,8CF957200000C2D3,15520,"5 Mountain Creek Unit, Signal Hill, Newcastle, 2940",8CF9572000000000,2B7E151628AED2A6ABF7158809CF4F3C,,,,,,
210508030196,WX-BS-1P-S-EM,8CF957200000A8DF,9102,"33 Gemini Ave, Signal Hill, Newcastle, 2940",8CF9572000000000,2B7E151628AED2A6ABF7158809CF4F3C,,,,,,
210508030197,WX-BS-1P-S-EM,8CF957200000A7A2,7491,"4 Rigel, Signal Hill, Newcastle, 2940",8CF9572000000000,2B7E151628AED2A6ABF7158809CF4F3C,,,,,,
210508030198,WX-BS-1P-S-EM,8CF957200000B6C6,15520,"14 Mountain Creek Unit, Signal Hill, Newcastle, 2940",8CF9572000000000,2B7E151628AED2A6ABF7158809CF4F3C,,,,,,
210508030199,WX-BS-1P-S-EM,8CF957200000AEF5,7492,"2 Rigel, Signal Hill, Newcastle, 2940",8CF9572000000000,2B7E151628AED2A6ABF7158809CF4F3C,,,,,,
210508030200,WX-BS-1P-S-EM,8CF957200000B2CA,7488,"9 Uranus Street, Signal Hill, Newcastle, 2940",8CF9572000000000,2B7E151628AED2A6ABF7158809CF4F3C,,,,,,
210508030201,WX-BS-1P-S-EM,8CF957200000A83B,15520,"13 Mountain Creek Flat, Signal Hill, Newcastle, 2940",8CF9572000000000,2B7E151628AED2A6ABF7158809CF4F3C,,,,,,
210508030202,WX-BS-1P-S-EM,8CF957200000AC4F,9051,"26 Gemini Ave, Signal Hill, Newcastle, 2940",8CF9572000000000,2B7E151628AED2A6ABF7158809CF4F3C,,,,,,
210508030203,WX-BS-1P-S-EM,8CF957200000C018,7489,"3 Rigel, Signal Hill, Newcastle, 2940",8CF9572000000000,2B7E151628AED2A6ABF7158809CF4F3C,,,,,,
210508030205,WX-BS-1P-S-EM,8CF957200000B7A7,9104,"29 Gemini Ave, Signal Hill, Newcastle, 2940",8CF9572000000000,2B7E151628AED2A6ABF7158809CF4F3C,,,,,,
210508030206,WX-BS-1P-S-EM,8CF957200000B642,15520,"221-223 Drakensburg, Signal Hill, Newcastle, 2940",8CF9572000000000,2B7E151628AED2A6ABF7158809CF4F3C,,,,,,
210508030207,WX-BS-1P-S-EM,8CF957200000BAF7,,,8CF9572000000000,2B7E151628AED2A6ABF7158809CF4F3C,,,,,,
210508030208,WX-BS-1P-S-EM,8CF957200000B325,9139,"10 Libra Ave, Signal Hill, Newcastle, 2940",8CF9572000000000,2B7E151628AED2A6ABF7158809CF4F3C,,,,,,
210508030209,WX-BS-1P-S-EM,8CF957200000A869,9116,"16 Sun Ave, Signal Hill, Newcastle, 2940",8CF9572000000000,2B7E151628AED2A6ABF7158809CF4F3C,,,,,,
210508030210,WX-BS-1P-S-EM,8CF957200000C2E8,9115,"14 Sun Ave, Signal Hill, Newcastle, 2940",8CF9572000000000,2B7E151628AED2A6ABF7158809CF4F3C,,,,,,
210508030211,WX-BS-1P-S-EM,8CF957200000B7B4,9137,"6 Libra Ave, Signal Hill, Newcastle, 2940",8CF9572000000000,2B7E151628AED2A6ABF7158809CF4F3C,,,,,,
210508030212,WX-BS-1P-S-EM,8CF957200000A754,9136,"4 Libra Ave, Signal Hill, Newcastle, 2940",8CF9572000000000,2B7E151628AED2A6ABF7158809CF4F3C,,,,,,
210508030213,WX-BS-1P-S-EM,8CF957200000A2D3,9221,"19 Pluto, Signal Hill, Newcastle, 2940",8CF9572000000000,2B7E151628AED2A6ABF7158809CF4F3C,,,,,,
210508030214,WX-BS-1P-S-EM,8CF957200000A819,9395,"53 Uranus Street, Signal Hill, Newcastle, 2940",8CF9572000000000,2B7E151628AED2A6ABF7158809CF4F3C,,,,,,
210508030215,WX-BS-1P-S-EM,8CF957200000BB1B,9339,"7 Sun Ave, Signal Hill, Newcastle, 2940",8CF9572000000000,2B7E151628AED2A6ABF7158809CF4F3C,,,,,,
210508030216,WX-BS-1P-S-EM,8CF957200000BA2B,9145,"10 Sun Ave, Signal Hill, Newcastle, 2940",8CF9572000000000,2B7E151628AED2A6ABF7158809CF4F3C,,,,,,
210508030217,WX-BS-1P-S-EM,8CF957200000C23B,9143,"6 Sun Ave, Signal Hill, Newcastle, 2940",8CF9572000000000,2B7E151628AED2A6ABF7158809CF4F3C,,,,,,
210508030218,WX-BS-1P-S-EM,8CF957200000B6B7,15453,"2 Sun Ave, Signal Hill, Newcastle, 2940",8CF9572000000000,2B7E151628AED2A6ABF7158809CF4F3C,,,,,,
210508030219,WX-BS-1P-S-EM,8CF957200000A81F,,,8CF9572000000000,2B7E151628AED2A6ABF7158809CF4F3C,,,,,,
210508030220,WX-BS-1P-S-EM,8CF957200000A76D,,,8CF9572000000000,2B7E151628AED2A6ABF7158809CF4F3C,,,,,,
210508030221,WX-BS-1P-S-EM,8CF957200000B2B7,,,8CF9572000000000,2B7E151628AED2A6ABF7158809CF4F3C,,,,,,
210508030222,WX-BS-1P-S-EM,8CF957200000A846,,,8CF9572000000000,2B7E151628AED2A6ABF7158809CF4F3C,,,,,,
210508030223,WX-BS-1P-S-EM,8CF957200000A790,0,"Rigel, Signal Hill, Newcastle, 2940",8CF9572000000000,2B7E151628AED2A6ABF7158809CF4F3C,,,,,,
210508030224,WX-BS-1P-S-EM,8CF957200000A6A8,,,8CF9572000000000,2B7E151628AED2A6ABF7158809CF4F3C,,,,,,
210508030225,WX-BS-1P-S-EM,8CF957200000C301,7490,"5 Rigel, Signal Hill, Newcastle, 2940",8CF9572000000000,2B7E151628AED2A6ABF7158809CF4F3C,,,,,,
210508030226,WX-BS-1P-S-EM,8CF957200000A895,,,8CF9572000000000,2B7E151628AED2A6ABF7158809CF4F3C,,,,,,
210508030227,WX-BS-1P-S-EM,8CF957200000B715,,,8CF9572000000000,2B7E151628AED2A6ABF7158809CF4F3C,,,,,,
210508030228,WX-BS-1P-S-EM,8CF957200000BB09,15520,"221-223 Drakensberg, Signal Hill, Newcastle, 2940",8CF9572000000000,2B7E151628AED2A6ABF7158809CF4F3C,,,,,,
210508030229,WX-BS-1P-S-EM,8CF957200000C2F4,,,8CF9572000000000,2B7E151628AED2A6ABF7158809CF4F3C,,,,,,
210508030230,WX-BS-1P-S-EM,8CF957200000A32B,,,8CF9572000000000,2B7E151628AED2A6ABF7158809CF4F3C,,,,,,
210508030231,WX-BS-1P-S-EM,8CF957200000C324,,,8CF9572000000000,2B7E151628AED2A6ABF7158809CF4F3C,,,,,,
210508030232,WX-BS-1P-S-EM,8CF957200000BA5E,8949,"17 Pisces Cres, Signal Hill, Newcastle, 2940",8CF9572000000000,2B7E151628AED2A6ABF7158809CF4F3C,,,,,,
210508030233,WX-BS-1P-S-EM,8CF957200000B030,0,Not In Nc Database,8CF9572000000000,2B7E151628AED2A6ABF7158809CF4F3C,,,,,,
210508030234,WX-BS-1P-S-EM,8CF957200000BAFE,9012,"18 Pisces Cres, Signal Hill, Newcastle, 2940",8CF9572000000000,2B7E151628AED2A6ABF7158809CF4F3C,,,,,,
210508030235,WX-BS-1P-S-EM,8CF957200000A300,8937,"41 Star Dr, Signal Hill, Newcastle, 2940",8CF9572000000000,2B7E151628AED2A6ABF7158809CF4F3C,,,,,,
210508030236,WX-BS-1P-S-EM,8CF957200000BD35,8948,"19 Pisces Cres, Signal Hill, Newcastle, 2940",8CF9572000000000,2B7E151628AED2A6ABF7158809CF4F3C,,,,,,
210508030237,WX-BS-1P-S-EM,8CF957200000A941,8939,"37 Pisces Cres, Signal Hill, Newcastle, 2940",8CF9572000000000,2B7E151628AED2A6ABF7158809CF4F3C,,,,,,
210508030238,WX-BS-1P-S-EM,8CF957200000A2D2,8938,"39 Star Dr, Signal Hill, Newcastle, 2940",8CF9572000000000,2B7E151628AED2A6ABF7158809CF4F3C,,,,,,
210508030239,WX-BS-1P-S-EM,8CF957200000AC5B,9009,"13 Star, Signal Hill, Newcastle, 2940",8CF9572000000000,2B7E151628AED2A6ABF7158809CF4F3C,,,,,,
210508030240,WX-BS-1P-S-EM,8CF957200000BB60,9013,"37 Star Dr, Signal Hill, Newcastle, 2940",8CF9572000000000,2B7E151628AED2A6ABF7158809CF4F3C,,,,,,
210508030241,WX-BS-1P-S-EM,8CF957200000AEFB,8946,"23 Pisces Cres, Signal Hill, Newcastle, 2940",8CF9572000000000,2B7E151628AED2A6ABF7158809CF4F3C,,,,,,
210508030242,WX-BS-1P-S-EM,8CF957200000BD9C,8938,"39A Star Dr, Signal Hill, Newcastle, 2940",8CF9572000000000,2B7E151628AED2A6ABF7158809CF4F3C,,,,,,
210508030243,WX-BS-1P-S-EM,8CF957200000B91E,,,8CF9572000000000,2B7E151628AED2A6ABF7158809CF4F3C,,,,,,
210508030244,WX-BS-1P-S-EM,8CF957200000BEA0,,,8CF9572000000000,2B7E151628AED2A6ABF7158809CF4F3C,,,,,,
210508030245,WX-BS-1P-S-EM,8CF957200000C2F5,,,8CF9572000000000,2B7E151628AED2A6ABF7158809CF4F3C,,,,,,
210508030246,WX-BS-1P-S-EM,8CF957200000B944,,,8CF9572000000000,2B7E151628AED2A6ABF7158809CF4F3C,,,,,,
210508030247,WX-BS-1P-S-EM,8CF957200000A806,,,8CF9572000000000,2B7E151628AED2A6ABF7158809CF4F3C,,,,,,
210508030248,WX-BS-1P-S-EM,8CF957200000B7C0,,,8CF9572000000000,2B7E151628AED2A6ABF7158809CF4F3C,,,,,,
210508030249,WX-BS-1P-S-EM,8CF957200000B648,,,8CF9572000000000,2B7E151628AED2A6ABF7158809CF4F3C,,,,,,
210508030250,WX-BS-1P-S-EM,8CF957200000A764,,,8CF9572000000000,2B7E151628AED2A6ABF7158809CF4F3C,,,,,,
210508030251,WX-BS-1P-S-EM,8CF957200000B7A5,,,8CF9572000000000,2B7E151628AED2A6ABF7158809CF4F3C,,,,,,
210508030252,WX-BS-1P-S-EM,8CF957200000BA07,,,8CF9572000000000,2B7E151628AED2A6ABF7158809CF4F3C,,,,,,
210508030253,WX-BS-1P-S-EM,8CF957200000A76C,,,8CF9572000000000,2B7E151628AED2A6ABF7158809CF4F3C,,,,,,
210508030254,WX-BS-1P-S-EM,8CF957200000BA39,,,8CF9572000000000,2B7E151628AED2A6ABF7158809CF4F3C,,,,,,
210508030255,WX-BS-1P-S-EM,8CF957200000BEA7,9423,"32 Uranus Street, Signal Hill, Newcastle, 2940",8CF9572000000000,2B7E151628AED2A6ABF7158809CF4F3C,,,,,,
210508030256,WX-BS-1P-S-EM,8CF957200000B728,9222,"17 Pluto, Signal Hill, Newcastle, 2940",8CF9572000000000,2B7E151628AED2A6ABF7158809CF4F3C,,,,,,
210508030257,WX-BS-1P-S-EM,8CF957200000C2B8,776,"12/15 Moon, Signal Hill, Newcastle, 2940",8CF9572000000000,2B7E151628AED2A6ABF7158809CF4F3C,,,,,,
210508030258,WX-BS-1P-S-EM,8CF957200000A6AA,9424,"34 Uranus Street, Signal Hill, Newcastle, 2940",8CF9572000000000,2B7E151628AED2A6ABF7158809CF4F3C,,,,,,
210508030259,WX-BS-1P-S-EM,8CF957200000BE88,9209,"12 Pluto, Signal Hill, Newcastle, 2940",8CF9572000000000,2B7E151628AED2A6ABF7158809CF4F3C,,,,,,
210508030260,WX-BS-1P-S-EM,8CF957200000A6A9,9425,"36 Uranus Street, Signal Hill, Newcastle, 2940",8CF9572000000000,2B7E151628AED2A6ABF7158809CF4F3C,,,,,,
210508030261,WX-BS-1P-S-EM,8CF957200000C3E5,9421,"28 Uranus Street, Signal Hill, Newcastle, 2940",8CF9572000000000,2B7E151628AED2A6ABF7158809CF4F3C,,,,,,
210508030262,WX-BS-1P-S-EM,8CF957200000AC55,9335,"7 Libra Ave, Signal Hill, Newcastle, 2940",8CF9572000000000,2B7E151628AED2A6ABF7158809CF4F3C,,,,,,
210508030263,WX-BS-1P-S-EM,8CF957200000B940,9207,"8 Pluto, Signal Hill, Newcastle, 2940",8CF9572000000000,2B7E151628AED2A6ABF7158809CF4F3C,,,,,,
210508030264,WX-BS-1P-S-EM,8CF957200000C0BC,9420,"26 Uranus Street, Signal Hill, Newcastle, 2940",8CF9572000000000,2B7E151628AED2A6ABF7158809CF4F3C,,,,,,
210508030265,WX-BS-1P-S-EM,8CF957200000C265,9422,"30 Uranus Street, Signal Hill, Newcastle, 2940",8CF9572000000000,2B7E151628AED2A6ABF7158809CF4F3C,,,,,,
210508030266,WX-BS-1P-S-EM,8CF957200000B695,13760,"5 Sun Ave, Signal Hill, Newcastle, 2940",8CF9572000000000,2B7E151628AED2A6ABF7158809CF4F3C,,,,,,
210508030267,WX-BS-1P-S-EM,8CF957200000AB0B,9384,"46 Milky Way, Signal Hill, Newcastle, 2940",8CF9572000000000,2B7E151628AED2A6ABF7158809CF4F3C,,,,,,
210508030268,WX-BS-1P-S-EM,8CF957200000B7D7,,,8CF9572000000000,2B7E151628AED2A6ABF7158809CF4F3C,,,,,,
210508030269,WX-BS-1P-S-EM,8CF957200000B640,7761,"12 Mercurius, 195 Victoria, Signal Hill, Newcastle, 2940",8CF9572000000000,2B7E151628AED2A6ABF7158809CF4F3C,,,,,,
210508030270,WX-BS-1P-S-EM,8CF957200000B6A6,,,8CF9572000000000,2B7E151628AED2A6ABF7158809CF4F3C,,,,,,
210508030271,WX-BS-1P-S-EM,8CF957200000BA42,15520,"7 Mountain Creek Unit, Signal Hill, Newcastle, 2940",8CF9572000000000,2B7E151628AED2A6ABF7158809CF4F3C,,,,,,
210508030272,WX-BS-1P-S-EM,8CF957200000B696,,,8CF9572000000000,2B7E151628AED2A6ABF7158809CF4F3C,,,,,,
210508030273,WX-BS-1P-S-EM,8CF957200000BE95,,,8CF9572000000000,2B7E151628AED2A6ABF7158809CF4F3C,,,,,,
210508030274,WX-BS-1P-S-EM,8CF957200000B6B9,,,8CF9572000000000,2B7E151628AED2A6ABF7158809CF4F3C,,,,,,
210508030275,WX-BS-1P-S-EM,8CF957200000B6CC,9181,"39 Milky Way, Signal Hill, Newcastle, 2940",8CF9572000000000,2B7E151628AED2A6ABF7158809CF4F3C,,,,,,
210508030276,WX-BS-1P-S-EM,8CF957200000B91D,,,8CF9572000000000,2B7E151628AED2A6ABF7158809CF4F3C,,,,,,
210508030277,WX-BS-1P-S-EM,8CF957200000C61F,9385,"48 Milky Way, Signal Hill, Newcastle, 2940",8CF9572000000000,2B7E151628AED2A6ABF7158809CF4F3C,,,,,,
210508030278,WX-BS-1P-S-EM,8CF957200000AC40,9387,"52 Milky Way, Signal Hill, Newcastle, 2940",8CF9572000000000,2B7E151628AED2A6ABF7158809CF4F3C,,,,,,
210508030279,WX-BS-1P-S-EM,8CF957200000A7D6,776,"12/15 Moon, Signal Hill, Newcastle, 2940",8CF9572000000000,2B7E151628AED2A6ABF7158809CF4F3C,,,,,,
210508030280,WX-BS-1P-S-EM,8CF957200000AF03,9206,"6 Pluto, Signal Hill, Newcastle, 2940",8CF9572000000000,2B7E151628AED2A6ABF7158809CF4F3C,,,,,,
210508030281,WX-BS-1P-S-EM,8CF957200000C472,776,"12/15 Moon, Signal Hill, Newcastle, 2940",8CF9572000000000,2B7E151628AED2A6ABF7158809CF4F3C,,,,,,
210508030282,WX-BS-1P-S-EM,8CF957200000A2FD,,,8CF9572000000000,2B7E151628AED2A6ABF7158809CF4F3C,,,,,,
210508030283,WX-BS-1P-S-EM,8CF957200000A879,,,8CF9572000000000,2B7E151628AED2A6ABF7158809CF4F3C,,,,,,
210508030284,WX-BS-1P-S-EM,8CF957200000AEFE,,,8CF9572000000000,2B7E151628AED2A6ABF7158809CF4F3C,,,,,,
210508030285,WX-BS-1P-S-EM,8CF957200000B04B,776,"12/15 Moon, Signal Hill, Newcastle, 2940",8CF9572000000000,2B7E151628AED2A6ABF7158809CF4F3C,,,,,,
210508030286,WX-BS-1P-S-EM,8CF957200000AF61,9351,"40 Milky Way, Signal Hill, Newcastle, 2940",8CF9572000000000,2B7E151628AED2A6ABF7158809CF4F3C,,,,,,
210508030287,WX-BS-1P-S-EM,8CF957200000BE67,776,"12/15 Moon, Signal Hill, Newcastle, 2940",8CF9572000000000,2B7E151628AED2A6ABF7158809CF4F3C,,,,,,
210508030288,WX-BS-1P-S-EM,8CF957200000B933,776,"12/15 Moon, Signal Hill, Newcastle, 2940",8CF9572000000000,2B7E151628AED2A6ABF7158809CF4F3C,,,,,,
210508030289,WX-BS-1P-S-EM,8CF957200000BEAE,776,"12/15 Moon, Signal Hill, Newcastle, 2940",8CF9572000000000,2B7E151628AED2A6ABF7158809CF4F3C,,,,,,
210508030290,WX-BS-1P-S-EM,8CF957200000B941,9350,"38 Milky Way, Signal Hill, Newcastle, 2940",8CF9572000000000,2B7E151628AED2A6ABF7158809CF4F3C,,,,,,
210508030291,WX-BS-1P-S-EM,8CF957200000C2C0,9003,"9 Star Dr, Signal Hill, Newcastle, 2940",8CF9572000000000,2B7E151628AED2A6ABF7158809CF4F3C,,,,,,
210508030292,WX-BS-1P-S-EM,8CF957200000A942,9006,"19 Star Dr, Signal Hill, Newcastle, 2940",8CF9572000000000,2B7E151628AED2A6ABF7158809CF4F3C,,,,,,
210508030293,WX-BS-1P-S-EM,8CF957200000B028,9009,"13 Star Dr, Signal Hill, Newcastle, 2940",8CF9572000000000,2B7E151628AED2A6ABF7158809CF4F3C,,,,,,
210508030294,WX-BS-1P-S-EM,8CF957200000B7E8,8967,"10 Star Dr, Signal Hill, Newcastle, 2940",8CF9572000000000,2B7E151628AED2A6ABF7158809CF4F3C,,,,,,
210508030295,WX-BS-1P-S-EM,8CF957200000A931,9002,"9 Meteor Ave, Signal Hill, Newcastle, 2940",8CF9572000000000,2B7E151628AED2A6ABF7158809CF4F3C,,,,,,
210508030296,WX-BS-1P-S-EM,8CF957200000B72C,9008,"15 Star Dr, Signal Hill, Newcastle, 2940",8CF9572000000000,2B7E151628AED2A6ABF7158809CF4F3C,,,,,,
210508030297,WX-BS-1P-S-EM,8CF957200000A83D,8971,"18 Star Dr, Signal Hill, Newcastle, 2940",8CF9572000000000,2B7E151628AED2A6ABF7158809CF4F3C,,,,,,
210508030298,WX-BS-1P-S-EM,8CF957200000BAFD,8970,"16 Star Dr, Signal Hill, Newcastle, 2940",8CF9572000000000,2B7E151628AED2A6ABF7158809CF4F3C,,,,,,
210508030299,WX-BS-1P-S-EM,8CF957200000BDCB,9007,"17 Star Dr, Signal Hill, Newcastle, 2940",8CF9572000000000,2B7E151628AED2A6ABF7158809CF4F3C,,,,,,
210508030300,WX-BS-1P-S-EM,8CF957200000B7AF,8969,"14 Star Dr, Signal Hill, Newcastle, 2940",8CF9572000000000,2B7E151628AED2A6ABF7158809CF4F3C,,,,,,
210508030301,WX-BS-1P-S-EM,8CF957200000BAE4,9010,"11 Star Dr, Signal Hill, Newcastle, 2940",8CF9572000000000,2B7E151628AED2A6ABF7158809CF4F3C,,,,,,
210508030302,WX-BS-1P-S-EM,8CF957200000B7B0,9001,"8 Meteor Ave, Signal Hill, Newcastle, 2940",8CF9572000000000,2B7E151628AED2A6ABF7158809CF4F3C,,,,,,
210508030303,WX-BS-1P-S-EM,8CF957200000BDCA,9140,"12 Libra Ave, Signal Hill, Newcastle, 2940",8CF9572000000000,2B7E151628AED2A6ABF7158809CF4F3C,,,,,,
210508030304,WX-BS-1P-S-EM,8CF957200000C640,9137,"6 Libra Ave, Signal Hill, Newcastle, 2940",8CF9572000000000,2B7E151628AED2A6ABF7158809CF4F3C,,,,,,
210508030305,WX-BS-1P-S-EM,8CF957200000BFE0,9037,"6 Taurus Ave, Signal Hill, Newcastle, 2940",8CF9572000000000,2B7E151628AED2A6ABF7158809CF4F3C,,,,,,
210508030306,WX-BS-1P-S-EM,8CF957200000BD33,9142,"16 Libra Ave, Signal Hill, Newcastle, 2940",8CF9572000000000,2B7E151628AED2A6ABF7158809CF4F3C,,,,,,
210508030307,WX-BS-1P-S-EM,8CF957200000A7FE,9141,"14 Libra Ave, Signal Hill, Newcastle, 2940",8CF9572000000000,2B7E151628AED2A6ABF7158809CF4F3C,,,,,,
210508030308,WX-BS-1P-S-EM,8CF957200000C432,0,Not In Nc Database,8CF9572000000000,2B7E151628AED2A6ABF7158809CF4F3C,,,,,,
210508030309,WX-BS-1P-S-EM,8CF957200000BA0D,14678,"32 Sun Ave, Signal Hill, Newcastle, 2940",8CF9572000000000,2B7E151628AED2A6ABF7158809CF4F3C,,,,,,
210508030310,WX-BS-1P-S-EM,8CF957200000AEFA,9039,"10 Taurus Ave, Signal Hill, Newcastle, 2940",8CF9572000000000,2B7E151628AED2A6ABF7158809CF4F3C,,,,,,
210508030311,WX-BS-1P-S-EM,8CF957200000AF8A,9334,"9A Libra Ave, Signal Hill, Newcastle, 2940",8CF9572000000000,2B7E151628AED2A6ABF7158809CF4F3C,,,,,,
210508030312,WX-BS-1P-S-EM,8CF957200000A84A,9127,"3 Virgo, Signal Hill, Newcastle, 2940",8CF9572000000000,2B7E151628AED2A6ABF7158809CF4F3C,,,,,,
210508030313,WX-BS-1P-S-EM,8CF957200000BFF3,15265,"3/1/2021 Aries, Signal Hill, Newcastle, 2940",8CF9572000000000,2B7E151628AED2A6ABF7158809CF4F3C,,,,,,
210508030314,WX-BS-1P-S-EM,8CF957200000C318,14679,"30 Sun Ave, Signal Hill, Newcastle, 2940",8CF9572000000000,2B7E151628AED2A6ABF7158809CF4F3C,,,,,,
210508030315,WX-BS-1P-S-EM,8CF957200000A943,7493,"13 Uranus Street, Signal Hill, Newcastle, 2940",8CF9572000000000,2B7E151628AED2A6ABF7158809CF4F3C,,,,,,
210508030316,WX-BS-1P-S-EM,8CF957200000AF93,7494,"15 Uranus Street, Signal Hill, Newcastle, 2940",8CF9572000000000,2B7E151628AED2A6ABF7158809CF4F3C,,,,,,
210508030317,WX-BS-1P-S-EM,8CF957200000B810,9220,"21 Pluto, Signal Hill, Newcastle, 2940",8CF9572000000000,2B7E151628AED2A6ABF7158809CF4F3C,,,,,,
210508030318,WX-BS-1P-S-EM,8CF957200000A79C,,,8CF9572000000000,2B7E151628AED2A6ABF7158809CF4F3C,,,,,,
210508030319,WX-BS-1P-S-EM,8CF957200000BFF4,,,8CF9572000000000,2B7E151628AED2A6ABF7158809CF4F3C,,,,,,
210508030320,WX-BS-1P-S-EM,8CF957200000A78D,,,8CF9572000000000,2B7E151628AED2A6ABF7158809CF4F3C,,,,,,
210508030321,WX-BS-1P-S-EM,8CF957200000A771,,,8CF9572000000000,2B7E151628AED2A6ABF7158809CF4F3C,,,,,,
210508030322,WX-BS-1P-S-EM,8CF957200000A893,,,8CF9572000000000,2B7E151628AED2A6ABF7158809CF4F3C,,,,,,
210508030323,WX-BS-1P-S-EM,8CF957200000A80D,,,8CF9572000000000,2B7E151628AED2A6ABF7158809CF4F3C,,,,,,
210508030324,WX-BS-1P-S-EM,8CF957200000AC3A,,,8CF9572000000000,2B7E151628AED2A6ABF7158809CF4F3C,,,,,,
210508030325,WX-BS-1P-S-EM,8CF957200000BDD7,,,8CF9572000000000,2B7E151628AED2A6ABF7158809CF4F3C,,,,,,
210508030326,WX-BS-1P-S-EM,8CF957200000B716,,,8CF9572000000000,2B7E151628AED2A6ABF7158809CF4F3C,,,,,,
210508030327,WX-BS-1P-S-EM,8CF957200000AC41,9417,"20 Uranus Street, Signal Hill, Newcastle, 2940",8CF9572000000000,2B7E151628AED2A6ABF7158809CF4F3C,,,,,,
210508030328,WX-BS-1P-S-EM,8CF957200000BA57,11778,"184 Drakensberg, Signal Hill, Newcastle, 2940",8CF9572000000000,2B7E151628AED2A6ABF7158809CF4F3C,,,,,,
210508030329,WX-BS-1P-S-EM,8CF957200000A770,9398,"47 Uranus Street, Signal Hill, Newcastle, 2940",8CF9572000000000,2B7E151628AED2A6ABF7158809CF4F3C,,,,,,
210508030330,WX-BS-1P-S-EM,8CF957200000C16C,7485,"3 Uranus Street, Signal Hill, Newcastle, 2940",8CF9572000000000,2B7E151628AED2A6ABF7158809CF4F3C,,,,,,
210508030331,WX-BS-1P-S-EM,8CF957200000B7E3,9225,"11 Pluto, Signal Hill, Newcastle, 2940",8CF9572000000000,2B7E151628AED2A6ABF7158809CF4F3C,,,,,,
210508030332,WX-BS-1P-S-EM,8CF957200000A937,7486,"5 Uranus Street, Signal Hill, Newcastle, 2940",8CF9572000000000,2B7E151628AED2A6ABF7158809CF4F3C,,,,,,
210508030333,WX-BS-1P-S-EM,8CF957200000B2C3,9138,"8 Libra Ave, Signal Hill, Newcastle, 2940",8CF9572000000000,2B7E151628AED2A6ABF7158809CF4F3C,,,,,,
210508030334,WX-BS-1P-S-EM,8CF957200000C25A,7308,"2 Moon, Signal Hill, Newcastle, 2940",8CF9572000000000,2B7E151628AED2A6ABF7158809CF4F3C,,,,,,
210508030335,WX-BS-1P-S-EM,8CF957200000B7BA,7483,"55 Erica, Signal Hill, Newcastle, 2940",8CF9572000000000,2B7E151628AED2A6ABF7158809CF4F3C,,,,,,
210508030336,WX-BS-1P-S-EM,8CF957200000AB31,9399,"45 Uranus Street, Signal Hill, Newcastle, 2940",8CF9572000000000,2B7E151628AED2A6ABF7158809CF4F3C,,,,,,
210508030337,WX-BS-1P-S-EM,8CF957200000A885,9397,"49 Uranus Street, Signal Hill, Newcastle, 2940",8CF9572000000000,2B7E151628AED2A6ABF7158809CF4F3C,,,,,,
210508030338,WX-BS-1P-S-EM,8CF957200000AEB8,15608,"23 - 25 Milky Way, Signal Hill, Newcastle, 2940",8CF9572000000000,2B7E151628AED2A6ABF7158809CF4F3C,,,,,,
210508030339,WX-BS-1P-S-EM,8CF957200000C4B7,8961,"3 Aquila Ave, Signal Hill, Newcastle, 2940",8CF9572000000000,2B7E151628AED2A6ABF7158809CF4F3C,,,,,,
210508030340,WX-BS-1P-S-EM,8CF957200000B6D2,8959,"7 Aquila Ave, Signal Hill, Newcastle, 2940",8CF9572000000000,2B7E151628AED2A6ABF7158809CF4F3C,,,,,,
210508030341,WX-BS-1P-S-EM,8CF957200000A87A,8951,"13 Pisces Cres, Signal Hill, Newcastle, 2940",8CF9572000000000,2B7E151628AED2A6ABF7158809CF4F3C,,,,,,
210508030342,WX-BS-1P-S-EM,8CF957200000BA13,8996,"6 Aquila Ave, Signal Hill, Newcastle, 2940",8CF9572000000000,2B7E151628AED2A6ABF7158809CF4F3C,,,,,,
210508030343,WX-BS-1P-S-EM,8CF957200000BAE5,8997,"8 Aquila Ave, Signal Hill, Newcastle, 2940",8CF9572000000000,2B7E151628AED2A6ABF7158809CF4F3C,,,,,,
210508030344,WX-BS-1P-S-EM,8CF957200000BEA1,8995,"1 Star Dr, Signal Hill, Newcastle, 2940",8CF9572000000000,2B7E151628AED2A6ABF7158809CF4F3C,,,,,,
210508030345,WX-BS-1P-S-EM,8CF957200000C661,8958,"9 Aquila Ave, Signal Hill, Newcastle, 2940",8CF9572000000000,2B7E151628AED2A6ABF7158809CF4F3C,,,,,,
210508030346,WX-BS-1P-S-EM,8CF957200000A811,8994,"3 Star Dr, Signal Hill, Newcastle, 2940",8CF9572000000000,2B7E151628AED2A6ABF7158809CF4F3C,,,,,,
210508030347,WX-BS-1P-S-EM,8CF957200000C3E2,8947,"21 Pisces Cres, Signal Hill, Newcastle, 2940",8CF9572000000000,2B7E151628AED2A6ABF7158809CF4F3C,,,,,,
210508030348,WX-BS-1P-S-EM,8CF957200000B6C8,8998,"2 Meteor Ave, Signal Hill, Newcastle, 2940",8CF9572000000000,2B7E151628AED2A6ABF7158809CF4F3C,,,,,,
210508030349,WX-BS-1P-S-EM,8CF957200000BD15,8999,"4 Meteor Ave, Signal Hill, Newcastle, 2940",8CF9572000000000,2B7E151628AED2A6ABF7158809CF4F3C,,,,,,
210508030350,WX-BS-1P-S-EM,8CF957200000C2F0,8950,"15 Pisces Cres, Signal Hill, Newcastle, 2940",8CF9572000000000,2B7E151628AED2A6ABF7158809CF4F3C,,,,,,
210508030351,WX-BS-1P-S-EM,8CF957200000B6A0,,,8CF9572000000000,2B7E151628AED2A6ABF7158809CF4F3C,,,,,,
210508030353,WX-BS-1P-S-EM,8CF957200000A80E,,,8CF9572000000000,2B7E151628AED2A6ABF7158809CF4F3C,,,,,,
210508030354,WX-BS-1P-S-EM,8CF957200000BF03,15486,"22 - 24 Erica, Signal Hill, Newcastle, 2940",8CF9572000000000,2B7E151628AED2A6ABF7158809CF4F3C,,,,,,
210508030355,WX-BS-1P-S-EM,8CF957200000BA71,9160,"18 Erica, Signal Hill, Newcastle, 2940",8CF9572000000000,2B7E151628AED2A6ABF7158809CF4F3C,,,,,,
210508030357,WX-BS-1P-S-EM,8CF957200000BE6B,9161,"2 Leo, Signal Hill, Newcastle, 2940",8CF9572000000000,2B7E151628AED2A6ABF7158809CF4F3C,,,,,,
210508030358,WX-BS-1P-S-EM,8CF957200000C316,9368,"4 Erica, Signal Hill, Newcastle, 2940",8CF9572000000000,2B7E151628AED2A6ABF7158809CF4F3C,,,,,,
210508030359,WX-BS-1P-S-EM,8CF957200000A80F,15486,"22-24 Erica, Signal Hill, Newcastle, 2940",8CF9572000000000,2B7E151628AED2A6ABF7158809CF4F3C,,,,,,
210508030360,WX-BS-1P-S-EM,8CF957200000C607,9035,"2 Taurus Ave, Signal Hill, Newcastle, 2940",8CF9572000000000,2B7E151628AED2A6ABF7158809CF4F3C,,,,,,
210508030361,WX-BS-1P-S-EM,8CF957200000C4AA,15486,"3 Jacaranda Park, Signal Hill, Newcastle, 2940",8CF9572000000000,2B7E151628AED2A6ABF7158809CF4F3C,,,,,,
210508030362,WX-BS-1P-S-EM,8CF957200000BA3C,,,8CF9572000000000,2B7E151628AED2A6ABF7158809CF4F3C,,,,,,
210508030363,WX-BS-1P-S-EM,8CF957200000C61C,9401,"41 Uranus Street, Signal Hill, Newcastle, 2940",8CF9572000000000,2B7E151628AED2A6ABF7158809CF4F3C,,,,,,
210508030364,WX-BS-1P-S-EM,8CF957200000C606,7319,"8 Mercurius, Signal Hill, Newcastle, 2940",8CF9572000000000,2B7E151628AED2A6ABF7158809CF4F3C,,,,,,
210508030365,WX-BS-1P-S-EM,8CF957200000A88E,7499,"25 Uranus Street, Signal Hill, Newcastle, 2940",8CF9572000000000,2B7E151628AED2A6ABF7158809CF4F3C,,,,,,
210508030366,WX-BS-1P-S-EM,8CF957200000A7A3,9199,"17 Milky Way, Signal Hill, Newcastle, 2940",8CF9572000000000,2B7E151628AED2A6ABF7158809CF4F3C,,,,,,
210508030367,WX-BS-1P-S-EM,8CF957200000A2FF,9180,"41 Milky Way, Signal Hill, Newcastle, 2940",8CF9572000000000,2B7E151628AED2A6ABF7158809CF4F3C,,,,,,
210508030368,WX-BS-1P-S-EM,8CF957200000AEE3,7497,"21 Uranus Street, Signal Hill, Newcastle, 2940",8CF9572000000000,2B7E151628AED2A6ABF7158809CF4F3C,,,,,,
210508030369,WX-BS-1P-S-EM,8CF957200000BB19,9405,"33 Uranus Street, Signal Hill, Newcastle, 2940",8CF9572000000000,2B7E151628AED2A6ABF7158809CF4F3C,,,,,,
210508030370,WX-BS-1P-S-EM,8CF957200000BA3D,9404,"35 Uranus Street, Signal Hill, Newcastle, 2940",8CF9572000000000,2B7E151628AED2A6ABF7158809CF4F3C,,,,,,
210508030371,WX-BS-1P-S-EM,8CF957200000B9FF,7496,"19 Uranus Street, Signal Hill, Newcastle, 2940",8CF9572000000000,2B7E151628AED2A6ABF7158809CF4F3C,,,,,,
210508030372,WX-BS-1P-S-EM,8CF957200000B943,,,8CF9572000000000,2B7E151628AED2A6ABF7158809CF4F3C,,,,,,
210508030373,WX-BS-1P-S-EM,8CF957200000A776,9403,"37 Uranus Street, Signal Hill, Newcastle, 2940",8CF9572000000000,2B7E151628AED2A6ABF7158809CF4F3C,,,,,,
210508030374,WX-BS-1P-S-EM,8CF957200000AB2A,,,8CF9572000000000,2B7E151628AED2A6ABF7158809CF4F3C,,,,,,
210508030375,WX-BS-1P-S-EM,8CF957200000C2F2,,,8CF9572000000000,2B7E151628AED2A6ABF7158809CF4F3C,,,,,,
210508030376,WX-BS-1P-S-EM,8CF957200000BD3C,,,8CF9572000000000,2B7E151628AED2A6ABF7158809CF4F3C,,,,,,
210508030377,WX-BS-1P-S-EM,8CF957200000B920,,,8CF9572000000000,2B7E151628AED2A6ABF7158809CF4F3C,,,,,,
210508030378,WX-BS-1P-S-EM,8CF957200000B7AD,,,8CF9572000000000,2B7E151628AED2A6ABF7158809CF4F3C,,,,,,
210508030379,WX-BS-1P-S-EM,8CF957200000A794,,,8CF9572000000000,2B7E151628AED2A6ABF7158809CF4F3C,,,,,,
210508030380,WX-BS-1P-S-EM,8CF957200000BB55,,,8CF9572000000000,2B7E151628AED2A6ABF7158809CF4F3C,,,,,,
210508030381,WX-BS-1P-S-EM,8CF957200000AC5D,,,8CF9572000000000,2B7E151628AED2A6ABF7158809CF4F3C,,,,,,
210508030382,WX-BS-1P-S-EM,8CF957200000AEE7,,,8CF9572000000000,2B7E151628AED2A6ABF7158809CF4F3C,,,,,,
210508030383,WX-BS-1P-S-EM,8CF957200000BA14,,,8CF9572000000000,2B7E151628AED2A6ABF7158809CF4F3C,,,,,,
210508030384,WX-BS-1P-S-EM,8CF957200000B7A9,,,8CF9572000000000,2B7E151628AED2A6ABF7158809CF4F3C,,,,,,
210508030385,WX-BS-1P-S-EM,8CF957200000B804,,,8CF9572000000000,2B7E151628AED2A6ABF7158809CF4F3C,,,,,,
210508030386,WX-BS-1P-S-EM,8CF957200000C482,,,8CF9572000000000,2B7E151628AED2A6ABF7158809CF4F3C,,,,,,
210508030387,WX-BS-1P-S-EM,8CF957200000A938,9070,"42 Sun Ave, Signal Hill, Newcastle, 2940",8CF9572000000000,2B7E151628AED2A6ABF7158809CF4F3C,,,,,,
210508030388,WX-BS-1P-S-EM,8CF957200000B63D,,,8CF9572000000000,2B7E151628AED2A6ABF7158809CF4F3C,,,,,,
210508030389,WX-BS-1P-S-EM,8CF957200000BDB4,9079,"43 Sun Ave, Signal Hill, Newcastle, 2940",8CF9572000000000,2B7E151628AED2A6ABF7158809CF4F3C,,,,,,
210508030390,WX-BS-1P-S-EM,8CF957200000AF8D,9084,"33 Sun Ave, Signal Hill, Newcastle, 2940",8CF9572000000000,2B7E151628AED2A6ABF7158809CF4F3C,,,,,,
210508030391,WX-BS-1P-S-EM,8CF957200000B6CF,9078,"46 Libra Ave, Signal Hill, Newcastle, 2940",8CF9572000000000,2B7E151628AED2A6ABF7158809CF4F3C,,,,,,
210508030392,WX-BS-1P-S-EM,8CF957200000A939,9080,"41 Sun Ave, Signal Hill, Newcastle, 2940",8CF9572000000000,2B7E151628AED2A6ABF7158809CF4F3C,,,,,,
210508030393,WX-BS-1P-S-EM,8CF957200000BB5E,9083,"35 Sun Ave, Signal Hill, Newcastle, 2940",8CF9572000000000,2B7E151628AED2A6ABF7158809CF4F3C,,,,,,
210508030394,WX-BS-1P-S-EM,8CF957200000BB18,9083,"35 Sun Ave, Signal Hill, Newcastle, 2940",8CF9572000000000,2B7E151628AED2A6ABF7158809CF4F3C,,,,,,
210508030395,WX-BS-1P-S-EM,8CF957200000A327,,,8CF9572000000000,2B7E151628AED2A6ABF7158809CF4F3C,,,,,,
210508030396,WX-BS-1P-S-EM,8CF957200000B2C4,9080,"41 Sun Ave, Signal Hill, Newcastle, 2940",8CF9572000000000,2B7E151628AED2A6ABF7158809CF4F3C,,,,,,
210508030397,WX-BS-1P-S-EM,8CF957200000A816,9081,"39 Sun, Signal Hill, Newcastle, 2940",8CF9572000000000,2B7E151628AED2A6ABF7158809CF4F3C,,,,,,
210508030398,WX-BS-1P-S-EM,8CF957200000B817,7567,"30 Titan Dr, Signal Hill, Newcastle, 2940",8CF9572000000000,2B7E151628AED2A6ABF7158809CF4F3C,,,,,,
210508030399,WX-BS-1P-S-EM,8CF957200000AED7,9144,"8 Sun Ave, Signal Hill, Newcastle, 2940",8CF9572000000000,2B7E151628AED2A6ABF7158809CF4F3C,,,,,,
210508030400,WX-BS-1P-S-EM,8CF957200000A872,7564,"78 Erica Dr, Signal Hill, Newcastle, 2940",8CF9572000000000,2B7E151628AED2A6ABF7158809CF4F3C,,,,,,
210508030401,WX-BS-1P-S-EM,8CF957200000A89D,7400,"19 Titan Dr, Signal Hill, Newcastle, 2940",8CF9572000000000,2B7E151628AED2A6ABF7158809CF4F3C,,,,,,
210508030402,WX-BS-1P-S-EM,8CF957200000AEFD,7402,"15 Titan Dr, Signal Hill, Newcastle, 2940",8CF9572000000000,2B7E151628AED2A6ABF7158809CF4F3C,,,,,,
210508030403,WX-BS-1P-S-EM,8CF957200000A778,7403,"13 Titan Dr, Signal Hill, Newcastle, 2940",8CF9572000000000,2B7E151628AED2A6ABF7158809CF4F3C,,,,,,
210508030404,WX-BS-1P-S-EM,8CF957200000A892,7398,"23 Titan Dr, Signal Hill, Newcastle, 2940",8CF9572000000000,2B7E151628AED2A6ABF7158809CF4F3C,,,,,,
210508030405,WX-BS-1P-S-EM,8CF957200000B7E0,7474,"33 Titan Dr, Signal Hill, Newcastle, 2940",8CF9572000000000,2B7E151628AED2A6ABF7158809CF4F3C,,,,,,
210508030406,WX-BS-1P-S-EM,8CF957200000A83C,7565,"34 Titan Dr, Signal Hill, Newcastle, 2940",8CF9572000000000,2B7E151628AED2A6ABF7158809CF4F3C,,,,,,
210508030407,WX-BS-1P-S-EM,8CF957200000BD26,7401,"17 Titan Dr, Signal Hill, Newcastle, 2940",8CF9572000000000,2B7E151628AED2A6ABF7158809CF4F3C,,,,,,
210508030408,WX-BS-1P-S-EM,8CF957200000BE72,7399,"21 Titan Dr, Signal Hill, Newcastle, 2940",8CF9572000000000,2B7E151628AED2A6ABF7158809CF4F3C,,,,,,
210508030409,WX-BS-1P-S-EM,8CF957200000B726,7471,"27 Titan Dr, Signal Hill, Newcastle, 2940",8CF9572000000000,2B7E151628AED2A6ABF7158809CF4F3C,,,,,,
210508030410,WX-BS-1P-S-EM,8CF957200000A2FB,,,8CF9572000000000,2B7E151628AED2A6ABF7158809CF4F3C,,,,,,
210508030411,WX-BS-1P-S-EM,8CF957200000BE71,0,Not In Nc Database,8CF9572000000000,2B7E151628AED2A6ABF7158809CF4F3C,,,,,,
210508030412,WX-BS-1P-S-EM,8CF957200000B7AE,9393,"2 Uranus Street, Signal Hill, Newcastle, 2940",8CF9572000000000,2B7E151628AED2A6ABF7158809CF4F3C,,,,,,
210508030413,WX-BS-1P-S-EM,8CF957200000C6B1,9132,"17 Sun Ave, Signal Hill, Newcastle, 2940",8CF9572000000000,2B7E151628AED2A6ABF7158809CF4F3C,,,,,,
210508030414,WX-BS-1P-S-EM,8CF957200000BE5A,9135,"11 Sun Ave, Signal Hill, Newcastle, 2940",8CF9572000000000,2B7E151628AED2A6ABF7158809CF4F3C,,,,,,
210508030415,WX-BS-1P-S-EM,8CF957200000C2E4,11779,"182 Drakensberg, Signal Hill, Newcastle, 2940",8CF9572000000000,2B7E151628AED2A6ABF7158809CF4F3C,,,,,,
210508030416,WX-BS-1P-S-EM,8CF957200000B711,9129,"23 Sun Ave, Signal Hill, Newcastle, 2940",8CF9572000000000,2B7E151628AED2A6ABF7158809CF4F3C,,,,,,
210508030417,WX-BS-1P-S-EM,8CF957200000A87B,9394,"55 Uranus Street, Signal Hill, Newcastle, 2940",8CF9572000000000,2B7E151628AED2A6ABF7158809CF4F3C,,,,,,
210508030418,WX-BS-1P-S-EM,8CF957200000AEE6,0,Not In Nc Database,8CF9572000000000,2B7E151628AED2A6ABF7158809CF4F3C,,,,,,
210508030419,WX-BS-1P-S-EM,8CF957200000C2B7,9426,"38 Uranus Street, Signal Hill, Newcastle, 2940",8CF9572000000000,2B7E151628AED2A6ABF7158809CF4F3C,,,,,,
210508030420,WX-BS-1P-S-EM,8CF957200000AF29,9428,"4 Uranus Street, Signal Hill, Newcastle, 2940",8CF9572000000000,2B7E151628AED2A6ABF7158809CF4F3C,,,,,,
210508030421,WX-BS-1P-S-EM,8CF957200000C483,9128,"1 Virgo Ave, Signal Hill, Newcastle, 2940",8CF9572000000000,2B7E151628AED2A6ABF7158809CF4F3C,,,,,,
210508030422,WX-BS-1P-S-EM,8CF957200000BA43,0,Not In Nc Database,8CF9572000000000,2B7E151628AED2A6ABF7158809CF4F3C,,,,,,
210508030423,WX-BS-1P-S-EM,8CF957200000AC35,9038,"8 Taurus Ave, Signal Hill, Newcastle, 2940",8CF9572000000000,2B7E151628AED2A6ABF7158809CF4F3C,,,,,,
210508030424,WX-BS-1P-S-EM,8CF957200000A808,,,8CF9572000000000,2B7E151628AED2A6ABF7158809CF4F3C,,,,,,
210508030425,WX-BS-1P-S-EM,8CF957200000A774,,,8CF9572000000000,2B7E151628AED2A6ABF7158809CF4F3C,,,,,,
210508030426,WX-BS-1P-S-EM,8CF957200000B815,9036,"4 Taurus Ave, Signal Hill, Newcastle, 2940",8CF9572000000000,2B7E151628AED2A6ABF7158809CF4F3C,,,,,,
210508030427,WX-BS-1P-S-EM,8CF957200000BA0E,,,8CF9572000000000,2B7E151628AED2A6ABF7158809CF4F3C,,,,,,
210508030428,WX-BS-1P-S-EM,8CF957200000A839,,,8CF9572000000000,2B7E151628AED2A6ABF7158809CF4F3C,,,,,,
210508030429,WX-BS-1P-S-EM,8CF957200000BD6B,,,8CF9572000000000,2B7E151628AED2A6ABF7158809CF4F3C,,,,,,
210508030430,WX-BS-1P-S-EM,8CF957200000A881,,,8CF9572000000000,2B7E151628AED2A6ABF7158809CF4F3C,,,,,,
210508030431,WX-BS-1P-S-EM,8CF957200000B7FF,,,8CF9572000000000,2B7E151628AED2A6ABF7158809CF4F3C,,,,,,
210508030432,WX-BS-1P-S-EM,8CF957200000C2BD,9040,"12 Taurus Ave, Signal Hill, Newcastle, 2940",8CF9572000000000,2B7E151628AED2A6ABF7158809CF4F3C,,,,,,
210508030433,WX-BS-1P-S-EM,8CF957200000A886,,,8CF9572000000000,2B7E151628AED2A6ABF7158809CF4F3C,,,,,,
210508030434,WX-BS-1P-S-EM,8CF957200000B694,,,8CF9572000000000,2B7E151628AED2A6ABF7158809CF4F3C,,,,,,
210508030435,WX-BS-1P-S-EM,8CF957200000A889,9299,"51 Libra Ave, Signal Hill, Newcastle, 2940",8CF9572000000000,2B7E151628AED2A6ABF7158809CF4F3C,,,,,,
210508030436,WX-BS-1P-S-EM,8CF957200000B2C6,9303,"43 Libra Ave, Signal Hill, Newcastle, 2940",8CF9572000000000,2B7E151628AED2A6ABF7158809CF4F3C,,,,,,
210508030437,WX-BS-1P-S-EM,8CF957200000BA1A,9310,"29 Libra Ave, Signal Hill, Newcastle, 2940",8CF9572000000000,2B7E151628AED2A6ABF7158809CF4F3C,,,,,,
210508030438,WX-BS-1P-S-EM,8CF957200000A86D,9095,"34 Libra Ave, Signal Hill, Newcastle, 2940",8CF9572000000000,2B7E151628AED2A6ABF7158809CF4F3C,,,,,,
210508030439,WX-BS-1P-S-EM,8CF957200000B6BB,9098,"40 Libra Ave, Signal Hill, Newcastle, 2940",8CF9572000000000,2B7E151628AED2A6ABF7158809CF4F3C,,,,,,
210508030440,WX-BS-1P-S-EM,8CF957200000B02D,9099,"42 Libra Ave, Signal Hill, Newcastle, 2940",8CF9572000000000,2B7E151628AED2A6ABF7158809CF4F3C,,,,,,
210508030441,WX-BS-1P-S-EM,8CF957200000B710,9312,"25 Libra Ave, Signal Hill, Newcastle, 2940",8CF9572000000000,2B7E151628AED2A6ABF7158809CF4F3C,,,,,,
210508030442,WX-BS-1P-S-EM,8CF957200000A93D,9307,"35 Libra Ave, Signal Hill, Newcastle, 2940",8CF9572000000000,2B7E151628AED2A6ABF7158809CF4F3C,,,,,,
210508030443,WX-BS-1P-S-EM,8CF957200000BD9E,9096,"36 Libra Ave, Signal Hill, Newcastle, 2940",8CF9572000000000,2B7E151628AED2A6ABF7158809CF4F3C,,,,,,
210508030444,WX-BS-1P-S-EM,8CF957200000A2FC,9311,"27 Libra Ave, Signal Hill, Newcastle, 2940",8CF9572000000000,2B7E151628AED2A6ABF7158809CF4F3C,,,,,,
210508030445,WX-BS-1P-S-EM,8CF957200000BDB1,9308,"33 Libra Ave, Signal Hill, Newcastle, 2940",8CF9572000000000,2B7E151628AED2A6ABF7158809CF4F3C,,,,,,
210508030446,WX-BS-1P-S-EM,8CF957200000C4A8,9309,"31 Libra Ave, Signal Hill, Newcastle, 2940",8CF9572000000000,2B7E151628AED2A6ABF7158809CF4F3C,,,,,,
210508030447,WX-BS-1P-S-EM,8CF957200000A882,9173,"55 Milky Way, Signal Hill, Newcastle, 2940",8CF9572000000000,2B7E151628AED2A6ABF7158809CF4F3C,,,,,,
210508030448,WX-BS-1P-S-EM,8CF957200000C435,9233,"2 Jupiter, Signal Hill, Newcastle, 2940",8CF9572000000000,2B7E151628AED2A6ABF7158809CF4F3C,,,,,,
210508030449,WX-BS-1P-S-EM,8CF957200000BDCC,9163,"75 Milky Way, Signal Hill, Newcastle, 2940",8CF9572000000000,2B7E151628AED2A6ABF7158809CF4F3C,,,,,,
210508030450,WX-BS-1P-S-EM,8CF957200000B6AA,9164,"73 Milky Way, Signal Hill, Newcastle, 2940",8CF9572000000000,2B7E151628AED2A6ABF7158809CF4F3C,,,,,,
210508030451,WX-BS-1P-S-EM,8CF957200000BEB4,9162,"77 Milky Way, Signal Hill, Newcastle, 2940",8CF9572000000000,2B7E151628AED2A6ABF7158809CF4F3C,,,,,,
210508030452,WX-BS-1P-S-EM,8CF957200000AFA6,9240,"16 Jupiter, Signal Hill, Newcastle, 2940",8CF9572000000000,2B7E151628AED2A6ABF7158809CF4F3C,,,,,,
210508030453,WX-BS-1P-S-EM,8CF957200000C2DF,9167,"67 Milky Way, Signal Hill, Newcastle, 2940",8CF9572000000000,2B7E151628AED2A6ABF7158809CF4F3C,,,,,,
210508030454,WX-BS-1P-S-EM,8CF957200000B7EC,9409,"3 Jupiter, Signal Hill, Newcastle, 2940",8CF9572000000000,2B7E151628AED2A6ABF7158809CF4F3C,,,,,,
210508030455,WX-BS-1P-S-EM,8CF957200000A88D,9374,"81 Milky Way, Signal Hill, Newcastle, 2940",8CF9572000000000,2B7E151628AED2A6ABF7158809CF4F3C,,,,,,
210508030456,WX-BS-1P-S-EM,8CF957200000BEC5,14161,"79 Milky Way, Signal Hill, Newcastle, 2940",8CF9572000000000,2B7E151628AED2A6ABF7158809CF4F3C,,,,,,
210508030457,WX-BS-1P-S-EM,8CF957200000BFE8,9379,"70 Milky Way, Signal Hill, Newcastle, 2940",8CF9572000000000,2B7E151628AED2A6ABF7158809CF4F3C,,,,,,
210508030458,WX-BS-1P-S-EM,8CF957200000C31F,15608,"1 Mountain View, Signal Hill, Newcastle, 2940",8CF9572000000000,2B7E151628AED2A6ABF7158809CF4F3C,,,,,,
210508030459,WX-BS-1P-S-EM,8CF957200000A80C,9131,"19 Sun Ave, Signal Hill, Newcastle, 2940",8CF9572000000000,2B7E151628AED2A6ABF7158809CF4F3C,,,,,,
210508030460,WX-BS-1P-S-EM,8CF957200000BD3D,11776,"188 Drakensberg, Signal Hill, Newcastle, 2940",8CF9572000000000,2B7E151628AED2A6ABF7158809CF4F3C,,,,,,
210508030461,WX-BS-1P-S-EM,8CF957200000BEC8,,,8CF9572000000000,2B7E151628AED2A6ABF7158809CF4F3C,,,,,,
210508030462,WX-BS-1P-S-EM,8CF957200000B7E5,0,Not In Nc Database,8CF9572000000000,2B7E151628AED2A6ABF7158809CF4F3C,,,,,,
210508030463,WX-BS-1P-S-EM,8CF957200000B6CB,15258 / 9134,"15 Sun Ave, Signal Hill, Newcastle, 2940",8CF9572000000000,2B7E151628AED2A6ABF7158809CF4F3C,,,,,,
210508030464,WX-BS-1P-S-EM,8CF957200000C2D4,9359,"14 Milky Way, Signal Hill, Newcastle, 2940",8CF9572000000000,2B7E151628AED2A6ABF7158809CF4F3C,,,,,,
210508030465,WX-BS-1P-S-EM,8CF957200000ABFA,9348,"34 Milky Way, Signal Hill, Newcastle, 2940",8CF9572000000000,2B7E151628AED2A6ABF7158809CF4F3C,,,,,,
210508030466,WX-BS-1P-S-EM,8CF957200000BD3A,,,8CF9572000000000,2B7E151628AED2A6ABF7158809CF4F3C,,,,,,
210508030467,WX-BS-1P-S-EM,8CF957200000BA2F,7313,"3 Moon Ave, Signal Hill, Newcastle, 2940",8CF9572000000000,2B7E151628AED2A6ABF7158809CF4F3C,,,,,,
210508030468,WX-BS-1P-S-EM,8CF957200000AC56,7312,"1 Moon Ave, Signal Hill, Newcastle, 2940",8CF9572000000000,2B7E151628AED2A6ABF7158809CF4F3C,,,,,,
210508030469,WX-BS-1P-S-EM,8CF957200000C47E,7484,"1 Uranus Street, Signal Hill, Newcastle, 2940",8CF9572000000000,2B7E151628AED2A6ABF7158809CF4F3C,,,,,,
210508030470,WX-BS-1P-S-EM,8CF957200000A86B,9130,"21 Sun Ave, Signal Hill, Newcastle, 2940",8CF9572000000000,2B7E151628AED2A6ABF7158809CF4F3C,,,,,,
210508030471,WX-BS-1P-S-EM,8CF957200000B7E1,9412,"10 Uranus Street, Signal Hill, Newcastle, 2940",8CF9572000000000,2B7E151628AED2A6ABF7158809CF4F3C,,,,,,
210508030473,WX-BS-1P-S-EM,8CF957200000AEDB,776,"12/15 Moon, Signal Hill, Newcastle, 2940",8CF9572000000000,2B7E151628AED2A6ABF7158809CF4F3C,,,,,,
210508030474,WX-BS-1P-S-EM,8CF957200000AFA5,7504,"5 Aquarius, Signal Hill, Newcastle, 2940",8CF9572000000000,2B7E151628AED2A6ABF7158809CF4F3C,,,,,,
210508030475,WX-BS-1P-S-EM,8CF957200000C304,9416,"18 Uranus Street, Signal Hill, Newcastle, 2940",8CF9572000000000,2B7E151628AED2A6ABF7158809CF4F3C,,,,,,
210508030476,WX-BS-1P-S-EM,8CF957200000A930,7502,"1 Aquarius, Signal Hill, Newcastle, 2940",8CF9572000000000,2B7E151628AED2A6ABF7158809CF4F3C,,,,,,
210508030226,WX-BS-1P-S-EM,8cf957200000a895,2,Lab Test Meter ,8CF9572000000000,2B7E151628AED2A6ABF7158809CF4F3C,,,,,,
210508030477,WX-BS-1P-S-EM,8CF957200000AEE0,9413,"12 Uranus Street, Signal Hill, Newcastle, 2940",8CF9572000000000,2B7E151628AED2A6ABF7158809CF4F3C,,,,,,
210508030478,WX-BS-1P-S-EM,8CF957200000A8E9,9418,"22 Uranus Street, Signal Hill, Newcastle, 2940",8CF9572000000000,2B7E151628AED2A6ABF7158809CF4F3C,,,,,,
210508030479,WX-BS-1P-S-EM,8CF957200000A7DB,9208,"10 Pluto, Signal Hill, Newcastle, 2940",8CF9572000000000,2B7E151628AED2A6ABF7158809CF4F3C,,,,,,
210508030480,WX-BS-1P-S-EM,8CF957200000AF05,7498,"23 Uranus Street, Signal Hill, Newcastle, 2940",8CF9572000000000,2B7E151628AED2A6ABF7158809CF4F3C,,,,,,
210508030481,WX-BS-1P-S-EM,8CF957200000BECA,7495,"17 Uranus Street, Signal Hill, Newcastle, 2940",8CF9572000000000,2B7E151628AED2A6ABF7158809CF4F3C,,,,,,
210508030482,WX-BS-1P-S-EM,8CF957200000BB07,7500,"27 Uranus Street, Signal Hill, Newcastle, 2940",8CF9572000000000,2B7E151628AED2A6ABF7158809CF4F3C,,,,,,
210508030483,WX-BS-1P-S-EM,8CF957200000B7E2,8983,"40 Star Dr, Signal Hill, Newcastle, 2940",8CF9572000000000,2B7E151628AED2A6ABF7158809CF4F3C,,,,,,
210508030484,WX-BS-1P-S-EM,8CF957200000C2F8,9105,"27 Gemini Ave, Signal Hill, Newcastle, 2940",8CF9572000000000,2B7E151628AED2A6ABF7158809CF4F3C,,,,,,
210508030485,WX-BS-1P-S-EM,8CF957200000C469,9015,"33 Star Dr, Signal Hill, Newcastle, 2940",8CF9572000000000,2B7E151628AED2A6ABF7158809CF4F3C,,,,,,
210508030486,WX-BS-1P-S-EM,8CF957200000BB5B,8981,"36 Star Dr, Signal Hill, Newcastle, 2940",8CF9572000000000,2B7E151628AED2A6ABF7158809CF4F3C,,,,,,
210508030487,WX-BS-1P-S-EM,8CF957200000BA5F,8978,"30 Star Dr, Signal Hill, Newcastle, 2940",8CF9572000000000,2B7E151628AED2A6ABF7158809CF4F3C,,,,,,
210508030488,WX-BS-1P-S-EM,8CF957200000B7E9,9014,"35 Star Dr, Signal Hill, Newcastle, 2940",8CF9572000000000,2B7E151628AED2A6ABF7158809CF4F3C,,,,,,
210508030489,WX-BS-1P-S-EM,8CF957200000B6CD,9017,"29 Star Dr, Signal Hill, Newcastle, 2940",8CF9572000000000,2B7E151628AED2A6ABF7158809CF4F3C,,,,,,
210508030490,WX-BS-1P-S-EM,8CF957200000A82C,9016,"31 Star Dr, Signal Hill, Newcastle, 2940",8CF9572000000000,2B7E151628AED2A6ABF7158809CF4F3C,,,,,,
210508030491,WX-BS-1P-S-EM,8CF957200000AC43,9050,"24 Gemini Ave, Signal Hill, Newcastle, 2940",8CF9572000000000,2B7E151628AED2A6ABF7158809CF4F3C,,,,,,
210508030492,WX-BS-1P-S-EM,8CF957200000A81A,9109,"19 Gemini Ave, Signal Hill, Newcastle, 2940",8CF9572000000000,2B7E151628AED2A6ABF7158809CF4F3C,,,,,,
210508030493,WX-BS-1P-S-EM,8CF957200000BA00,8979,"32 Star Dr, Signal Hill, Newcastle, 2940",8CF9572000000000,2B7E151628AED2A6ABF7158809CF4F3C,,,,,,
210508030494,WX-BS-1P-S-EM,8CF957200000A7BF,9110,"17 Gemini Ave, Signal Hill, Newcastle, 2940",8CF9572000000000,2B7E151628AED2A6ABF7158809CF4F3C,,,,,,
210508030495,WX-BS-1P-S-EM,8CF957200000C2E1,9092,"28 Libra Ave, Signal Hill, Newcastle, 2940",8CF9572000000000,2B7E151628AED2A6ABF7158809CF4F3C,,,,,,
210508030496,WX-BS-1P-S-EM,8CF957200000BD0F,9319,"11B Libra Ave, Signal Hill, Newcastle, 2940",8CF9572000000000,2B7E151628AED2A6ABF7158809CF4F3C,,,,,,
210508030497,WX-BS-1P-S-EM,8CF957200000A7BE,9090,"24 Libra Ave, Signal Hill, Newcastle, 2940",8CF9572000000000,2B7E151628AED2A6ABF7158809CF4F3C,,,,,,
210508030498,WX-BS-1P-S-EM,8CF957200000B2A2,9313,"23 Libra Ave, Signal Hill, Newcastle, 2940",8CF9572000000000,2B7E151628AED2A6ABF7158809CF4F3C,,,,,,
210508030499,WX-BS-1P-S-EM,8CF957200000BF02,9094,"32 Libra Ave, Signal Hill, Newcastle, 2940",8CF9572000000000,2B7E151628AED2A6ABF7158809CF4F3C,,,,,,
210508030500,WX-BS-1P-S-EM,8CF957200000A86F,9318,"13 Libra Ave, Signal Hill, Newcastle, 2940",8CF9572000000000,2B7E151628AED2A6ABF7158809CF4F3C,,,,,,
210508030501,WX-BS-1P-S-EM,8CF957200000BFE9,9093,"30 Libra Ave, Signal Hill, Newcastle, 2940",8CF9572000000000,2B7E151628AED2A6ABF7158809CF4F3C,,,,,,
210508030502,WX-BS-1P-S-EM,8CF957200000BD1D,9093,"22 Libra Ave, Signal Hill, Newcastle, 2940",8CF9572000000000,2B7E151628AED2A6ABF7158809CF4F3C,,,,,,
210508030503,WX-BS-1P-S-EM,8CF957200000BD29,9319,"11B Libra Ave, Signal Hill, Newcastle, 2940",8CF9572000000000,2B7E151628AED2A6ABF7158809CF4F3C,,,,,,
210508030504,WX-BS-1P-S-EM,8CF957200000BD12,0,Not In Nc Database,8CF9572000000000,2B7E151628AED2A6ABF7158809CF4F3C,,,,,,
210508030505,WX-BS-1P-S-EM,8CF957200000BA49,14551,"9B Libra Ave, Signal Hill, Newcastle, 2940",8CF9572000000000,2B7E151628AED2A6ABF7158809CF4F3C,,,,,,
210508030506,WX-BS-1P-S-EM,8CF957200000B802,9091,"26 Libra Ave, Signal Hill, Newcastle, 2940",8CF9572000000000,2B7E151628AED2A6ABF7158809CF4F3C,,,,,,
210508030507,WX-BS-1P-S-EM,8CF957200000AEC6,15520,"12 Mountain Creek Unit, Signal Hill, Newcastle, 2940",8CF9572000000000,2B7E151628AED2A6ABF7158809CF4F3C,,,,,,
210508030508,WX-BS-1P-S-EM,8CF957200000B6C1,15520,"17 Mountain Creek Unit, Signal Hill, Newcastle, 2940",8CF9572000000000,2B7E151628AED2A6ABF7158809CF4F3C,,,,,,
210508030509,WX-BS-1P-S-EM,8CF957200000A7C2,,,8CF9572000000000,2B7E151628AED2A6ABF7158809CF4F3C,,,,,,
210508030510,WX-BS-1P-S-EM,8CF957200000B6BD,15520,"10 Mountain Creek Unit, Signal Hill, Newcastle, 2940",8CF9572000000000,2B7E151628AED2A6ABF7158809CF4F3C,,,,,,
210508030511,WX-BS-1P-S-EM,8CF957200000A840,,,8CF9572000000000,2B7E151628AED2A6ABF7158809CF4F3C,,,,,,
210508030512,WX-BS-1P-S-EM,8CF957200000B7C1,15520,"1 Mountain Creek Unit, Signal Hill, Newcastle, 2940",8CF9572000000000,2B7E151628AED2A6ABF7158809CF4F3C,,,,,,
210508030513,WX-BS-1P-S-EM,8CF957200000BE59,,,8CF9572000000000,2B7E151628AED2A6ABF7158809CF4F3C,,,,,,
210508030514,WX-BS-1P-S-EM,8CF957200000AC59,,,8CF9572000000000,2B7E151628AED2A6ABF7158809CF4F3C,,,,,,
210508030515,WX-BS-1P-S-EM,8CF957200000BDB7,15520,"3 Mountain Creek Unit, Signal Hill, Newcastle, 2940",8CF9572000000000,2B7E151628AED2A6ABF7158809CF4F3C,,,,,,
210508030516,WX-BS-1P-S-EM,8CF957200000C2EE,,,8CF9572000000000,2B7E151628AED2A6ABF7158809CF4F3C,,,,,,
210508030517,WX-BS-1P-S-EM,8CF957200000AFA1,15520,"16 Mountain Creek Unit, Signal Hill, Newcastle, 2940",8CF9572000000000,2B7E151628AED2A6ABF7158809CF4F3C,,,,,,
210508030518,WX-BS-1P-S-EM,8CF957200000AF9F,15520,"2 Mountain Creek Unit, Signal Hill, Newcastle, 2940",8CF9572000000000,2B7E151628AED2A6ABF7158809CF4F3C,,,,,,
210508030519,WX-BS-1P-S-EM,8CF957200000B6A1,9381,"74 Milky Way, Signal Hill, Newcastle, 2940",8CF9572000000000,2B7E151628AED2A6ABF7158809CF4F3C,,,,,,
210508030520,WX-BS-1P-S-EM,8CF957200000C431,9396,"51 Uranus Street, Signal Hill, Newcastle, 2940",8CF9572000000000,2B7E151628AED2A6ABF7158809CF4F3C,,,,,,
210508030521,WX-BS-1P-S-EM,8CF957200000AF9D,9408,"5 Jupiter, Signal Hill, Newcastle, 2940",8CF9572000000000,2B7E151628AED2A6ABF7158809CF4F3C,,,,,,
210508030522,WX-BS-1P-S-EM,8CF957200000C2B2,9218,"25 Pluto, Signal Hill, Newcastle, 2940",8CF9572000000000,2B7E151628AED2A6ABF7158809CF4F3C,,,,,,
210508030523,WX-BS-1P-S-EM,8CF957200000A845,9212,"18 Pluto, Signal Hill, Newcastle, 2940",8CF9572000000000,2B7E151628AED2A6ABF7158809CF4F3C,,,,,,
210508030524,WX-BS-1P-S-EM,8CF957200000A79B,,,8CF9572000000000,2B7E151628AED2A6ABF7158809CF4F3C,,,,,,
210508030525,WX-BS-1P-S-EM,8CF957200000C2EA,9237,"10 Jupiter, Signal Hill, Newcastle, 2940",8CF9572000000000,2B7E151628AED2A6ABF7158809CF4F3C,,,,,,
210508030526,WX-BS-1P-S-EM,8CF957200000BEB0,9234,"4 Jupiter, Signal Hill, Newcastle, 2940",8CF9572000000000,2B7E151628AED2A6ABF7158809CF4F3C,,,,,,
210508030527,WX-BS-1P-S-EM,8CF957200000AEC5,9239,"14 Jupiter, Signal Hill, Newcastle, 2940",8CF9572000000000,2B7E151628AED2A6ABF7158809CF4F3C,,,,,,
210508030528,WX-BS-1P-S-EM,8CF957200000BA73,9214,"22 Pluto, Signal Hill, Newcastle, 2940",8CF9572000000000,2B7E151628AED2A6ABF7158809CF4F3C,,,,,,
210508030529,WX-BS-1P-S-EM,8CF957200000AB1F,9215,"31 Pluto, Signal Hill, Newcastle, 2940",8CF9572000000000,2B7E151628AED2A6ABF7158809CF4F3C,,,,,,
210508030530,WX-BS-1P-S-EM,8CF957200000BD6E,9410,"1 Jupiter, Signal Hill, Newcastle, 2940",8CF9572000000000,2B7E151628AED2A6ABF7158809CF4F3C,,,,,,
210508030531,WX-BS-1P-S-EM,8CF957200000BE75,9201,"13 Milky Way, Signal Hill, Newcastle, 2940",8CF9572000000000,2B7E151628AED2A6ABF7158809CF4F3C,,,,,,
210508030532,WX-BS-1P-S-EM,8CF957200000BE73,9366,"8 Erica, Signal Hill, Newcastle, 2940",8CF9572000000000,2B7E151628AED2A6ABF7158809CF4F3C,,,,,,
210508030533,WX-BS-1P-S-EM,8CF957200000B643,7487,"7 Uranus Street, Signal Hill, Newcastle, 2940",8CF9572000000000,2B7E151628AED2A6ABF7158809CF4F3C,,,,,,
210508030534,WX-BS-1P-S-EM,8CF957200000C93E,9368,"4 Erica, Signal Hill, Newcastle, 2940",8CF9572000000000,2B7E151628AED2A6ABF7158809CF4F3C,,,,,,
210508030535,WX-BS-1P-S-EM,8CF957200000BD1B,9344,"26 Milky Way, Signal Hill, Newcastle, 2940",8CF9572000000000,2B7E151628AED2A6ABF7158809CF4F3C,,,,,,
210508030536,WX-BS-1P-S-EM,8CF957200000A6AD,9364,"12 Erica, Signal Hill, Newcastle, 2940",8CF9572000000000,2B7E151628AED2A6ABF7158809CF4F3C,,,,,,
210508030537,WX-BS-1P-S-EM,8CF957200000BFD3,9367,"6 Erica, Signal Hill, Newcastle, 2940",8CF9572000000000,2B7E151628AED2A6ABF7158809CF4F3C,,,,,,
210508030538,WX-BS-1P-S-EM,8CF957200000A804,9365,"10 Erica, Signal Hill, Newcastle, 2940",8CF9572000000000,2B7E151628AED2A6ABF7158809CF4F3C,,,,,,
210508030539,WX-BS-1P-S-EM,8CF957200000C4B2,9400,"43 Uranus Street, Signal Hill, Newcastle, 2940",8CF9572000000000,2B7E151628AED2A6ABF7158809CF4F3C,,,,,,
210508030540,WX-BS-1P-S-EM,8CF957200000A917,9363,"14 Erica, Signal Hill, Newcastle, 2940",8CF9572000000000,2B7E151628AED2A6ABF7158809CF4F3C,,,,,,
210508030541,WX-BS-1P-S-EM,8CF957200000BEB9,9346,"30 Milky Way, Signal Hill, Newcastle, 2940",8CF9572000000000,2B7E151628AED2A6ABF7158809CF4F3C,,,,,,
210508030542,WX-BS-1P-S-EM,8CF957200000A302,9347,"32 Milky Way, Signal Hill, Newcastle, 2940",8CF9572000000000,2B7E151628AED2A6ABF7158809CF4F3C,,,,,,
210508030543,WX-BS-1P-S-EM,8CF957200000A93C,7480,"61 Erica Dr, Signal Hill, Newcastle, 2940",8CF9572000000000,2B7E151628AED2A6ABF7158809CF4F3C,,,,,,
210508030544,WX-BS-1P-S-EM,8CF957200000BE99,7569,"26 Titan Dr, Signal Hill, Newcastle, 2940",8CF9572000000000,2B7E151628AED2A6ABF7158809CF4F3C,,,,,,
210508030545,WX-BS-1P-S-EM,8CF957200000A79A,7481,"59 Erica Dr, Signal Hill, Newcastle, 2940",8CF9572000000000,2B7E151628AED2A6ABF7158809CF4F3C,,,,,,
210508030546,WX-BS-1P-S-EM,8CF957200000C169,7482,"57 Erica Dr, Signal Hill, Newcastle, 2940",8CF9572000000000,2B7E151628AED2A6ABF7158809CF4F3C,,,,,,
210508030547,WX-BS-1P-S-EM,8CF957200000C25E,7573,"18 Titan Dr, Signal Hill, Newcastle, 2940",8CF9572000000000,2B7E151628AED2A6ABF7158809CF4F3C,,,,,,
210508030548,WX-BS-1P-S-EM,8CF957200000C320,7566,"32 Titan Dr, Signal Hill, Newcastle, 2940",8CF9572000000000,2B7E151628AED2A6ABF7158809CF4F3C,,,,,,
210508030549,WX-BS-1P-S-EM,8CF957200000AC57,7570,"24 Titan Dr, Signal Hill, Newcastle, 2940",8CF9572000000000,2B7E151628AED2A6ABF7158809CF4F3C,,,,,,
210508030550,WX-BS-1P-S-EM,8CF957200000AEC9,7563,"80 Erica Dr, Signal Hill, Newcastle, 2940",8CF9572000000000,2B7E151628AED2A6ABF7158809CF4F3C,,,,,,
210508030551,WX-BS-1P-S-EM,8CF957200000A7A5,,,8CF9572000000000,2B7E151628AED2A6ABF7158809CF4F3C,,,,,,
210508030552,WX-BS-1P-S-EM,8CF957200000AB13,7572,"20 Titan Dr, Signal Hill, Newcastle, 2940",8CF9572000000000,2B7E151628AED2A6ABF7158809CF4F3C,,,,,,
210508030553,WX-BS-1P-S-EM,8CF957200000BEAF,7571,"22 Titan Dr, Signal Hill, Newcastle, 2940",8CF9572000000000,2B7E151628AED2A6ABF7158809CF4F3C,,,,,,
210508030554,WX-BS-1P-S-EM,8CF957200000A325,7562,"36 Titan Dr, Signal Hill, Newcastle, 2940",8CF9572000000000,2B7E151628AED2A6ABF7158809CF4F3C,,,,,,
210508030555,WX-BS-1P-S-EM,8CF957200000B947,8989,"39 Capricorn Dr, Signal Hill, Newcastle, 2940",8CF9572000000000,2B7E151628AED2A6ABF7158809CF4F3C,,,,,,
210508030556,WX-BS-1P-S-EM,8CF957200000A329,9045,"3 Taurus Ave, Signal Hill, Newcastle, 2940",8CF9572000000000,2B7E151628AED2A6ABF7158809CF4F3C,,,,,,
210508030557,WX-BS-1P-S-EM,8CF957200000B80B,9043,"7 Taurus Ave, Signal Hill, Newcastle, 2940",8CF9572000000000,2B7E151628AED2A6ABF7158809CF4F3C,,,,,,
210508030558,WX-BS-1P-S-EM,8CF957200000A78E,15486,"5 Jakaranda Park Flat, Signal Hill, Newcastle, 2940",8CF9572000000000,2B7E151628AED2A6ABF7158809CF4F3C,,,,,,
210508030559,WX-BS-1P-S-EM,8CF957200000C0BB,8988,"41 Capricorn Dr, Signal Hill, Newcastle, 2940",8CF9572000000000,2B7E151628AED2A6ABF7158809CF4F3C,,,,,,
210508030560,WX-BS-1P-S-EM,8CF957200000BE5F,9044,"5 Taurus Ave, Signal Hill, Newcastle, 2940",8CF9572000000000,2B7E151628AED2A6ABF7158809CF4F3C,,,,,,
210508030561,WX-BS-1P-S-EM,8CF957200000BBDA,9159,"20 Erica, Signal Hill, Newcastle, 2940",8CF9572000000000,2B7E151628AED2A6ABF7158809CF4F3C,,,,,,
210508030562,WX-BS-1P-S-EM,8CF957200000AF26,9042,"9 Taurus Ave, Signal Hill, Newcastle, 2940",8CF9572000000000,2B7E151628AED2A6ABF7158809CF4F3C,,,,,,
210508030563,WX-BS-1P-S-EM,8CF957200000A2DD,9046,"1 Taurus Ave, Signal Hill, Newcastle, 2940",8CF9572000000000,2B7E151628AED2A6ABF7158809CF4F3C,,,,,,
210508030564,WX-BS-1P-S-EM,8CF957200000C4BF,7305,"233 Drakensberg Street, Signal Hill, Newcastle, 2940",8CF9572000000000,2B7E151628AED2A6ABF7158809CF4F3C,,,,,,
210508030565,WX-BS-1P-S-EM,8CF957200000BB0D,9041,"11 Taurus Ave, Signal Hill, Newcastle, 2940",8CF9572000000000,2B7E151628AED2A6ABF7158809CF4F3C,,,,,,
210508030566,WX-BS-1P-S-EM,8CF957200000A93A,8986,"45 Capricorn Dr, Signal Hill, Newcastle, 2940",8CF9572000000000,2B7E151628AED2A6ABF7158809CF4F3C,,,,,,
210508030567,WX-BS-1P-S-EM,8CF957200000BA52,9066,"41 Gemini Ave, Signal Hill, Newcastle, 2940",8CF9572000000000,2B7E151628AED2A6ABF7158809CF4F3C,,,,,,
210508030568,WX-BS-1P-S-EM,8CF957200000BD17,15478,"4/2/2021 Virgo Ave, Signal Hill, Newcastle, 2940",8CF9572000000000,2B7E151628AED2A6ABF7158809CF4F3C,,,,,,
210508030569,WX-BS-1P-S-EM,8CF957200000A751,9071,"44 Sun Ave, Signal Hill, Newcastle, 2940",8CF9572000000000,2B7E151628AED2A6ABF7158809CF4F3C,,,,,,
210508030570,WX-BS-1P-S-EM,8CF957200000A757,9065,"43 Gemini Ave, Signal Hill, Newcastle, 2940",8CF9572000000000,2B7E151628AED2A6ABF7158809CF4F3C,,,,,,
210508030571,WX-BS-1P-S-EM,8CF957200000A818,9062,"49 Gemini Ave, Signal Hill, Newcastle, 2940",8CF9572000000000,2B7E151628AED2A6ABF7158809CF4F3C,,,,,,
210508030572,WX-BS-1P-S-EM,8CF957200000BFD0,9085,"31 Sun Ave, Signal Hill, Newcastle, 2940",8CF9572000000000,2B7E151628AED2A6ABF7158809CF4F3C,,,,,,
210508030573,WX-BS-1P-S-EM,8CF957200000B76F,9086,"29 Sun Ave, Signal Hill, Newcastle, 2940",8CF9572000000000,2B7E151628AED2A6ABF7158809CF4F3C,,,,,,
210508030574,WX-BS-1P-S-EM,8CF957200000C4C4,9072,"46 Sun Ave, Signal Hill, Newcastle, 2940",8CF9572000000000,2B7E151628AED2A6ABF7158809CF4F3C,,,,,,
210508030575,WX-BS-1P-S-EM,8CF957200000B7D8,15301,"45 Gemini Ave, Signal Hill, Newcastle, 2940",8CF9572000000000,2B7E151628AED2A6ABF7158809CF4F3C,,,,,,
210508030576,WX-BS-1P-S-EM,8CF957200000BD1C,9069,"40 Sun Ave, Signal Hill, Newcastle, 2940",8CF9572000000000,2B7E151628AED2A6ABF7158809CF4F3C,,,,,,
210508030577,WX-BS-1P-S-EM,8CF957200000BB1F,9057,"38 Gemini Ave, Signal Hill, Newcastle, 2940",8CF9572000000000,2B7E151628AED2A6ABF7158809CF4F3C,,,,,,
210508030578,WX-BS-1P-S-EM,8CF957200000BE62,9067,"39 Gemini Ave, Signal Hill, Newcastle, 2940",8CF9572000000000,2B7E151628AED2A6ABF7158809CF4F3C,,,,,,
210508030579,WX-BS-1P-S-EM,8CF957200000AEE4,9382,"76 Milky Way, Signal Hill, Newcastle, 2940",8CF9572000000000,2B7E151628AED2A6ABF7158809CF4F3C,,,,,,
210508030580,WX-BS-1P-S-EM,8CF957200000C645,9353,"44 Milky Way, Signal Hill, Newcastle, 2940",8CF9572000000000,2B7E151628AED2A6ABF7158809CF4F3C,,,,,,
210508030581,WX-BS-1P-S-EM,8CF957200000AC47,9372,"85 Milky Way, Signal Hill, Newcastle, 2940",8CF9572000000000,2B7E151628AED2A6ABF7158809CF4F3C,,,,,,
210508030582,WX-BS-1P-S-EM,8CF957200000C46E,9371,"87 Milky Way, Signal Hill, Newcastle, 2940",8CF9572000000000,2B7E151628AED2A6ABF7158809CF4F3C,,,,,,
210508030583,WX-BS-1P-S-EM,8CF957200000C47D,9357,"10 Milky Way, Signal Hill, Newcastle, 2940",8CF9572000000000,2B7E151628AED2A6ABF7158809CF4F3C,,,,,,
210508030584,WX-BS-1P-S-EM,8CF957200000BD22,9369,"7 Milky Way, Signal Hill, Newcastle, 2940",8CF9572000000000,2B7E151628AED2A6ABF7158809CF4F3C,,,,,,
210508030585,WX-BS-1P-S-EM,8CF957200000A7DA,9355,"6 Milky Way, Signal Hill, Newcastle, 2940",8CF9572000000000,2B7E151628AED2A6ABF7158809CF4F3C,,,,,,
210508030586,WX-BS-1P-S-EM,8CF957200000B72B,9383,"78 Milky Way, Signal Hill, Newcastle, 2940",8CF9572000000000,2B7E151628AED2A6ABF7158809CF4F3C,,,,,,
210508030587,WX-BS-1P-S-EM,8CF957200000BFF8,7760,"10 Mercuruis, Signal Hill, Newcastle, 2940",8CF9572000000000,2B7E151628AED2A6ABF7158809CF4F3C,,,,,,
210508030588,WX-BS-1P-S-EM,8CF957200000C664,9358,"12 Milky Way, Signal Hill, Newcastle, 2940",8CF9572000000000,2B7E151628AED2A6ABF7158809CF4F3C,,,,,,
210508030589,WX-BS-1P-S-EM,8CF957200000A78F,7306,"231 Drakensberg Street, Signal Hill, Newcastle, 2940",8CF9572000000000,2B7E151628AED2A6ABF7158809CF4F3C,,,,,,
210508030590,WX-BS-1P-S-EM,8CF957200000BFE4,9356,"8 Milky Way, Signal Hill, Newcastle, 2940",8CF9572000000000,2B7E151628AED2A6ABF7158809CF4F3C,,,,,,
210508030591,WX-BS-1P-S-EM,8CF957200000A814,8979,"38 Star Dr, Signal Hill, Newcastle, 2940",8CF9572000000000,2B7E151628AED2A6ABF7158809CF4F3C,,,,,,
210508030592,WX-BS-1P-S-EM,8CF957200000B693,8966,"8 Star Dr, Signal Hill, Newcastle, 2940",8CF9572000000000,2B7E151628AED2A6ABF7158809CF4F3C,,,,,,
210508030593,WX-BS-1P-S-EM,8CF957200000BED0,8953,"9 Pisces Cres, Signal Hill, Newcastle, 2940",8CF9572000000000,2B7E151628AED2A6ABF7158809CF4F3C,,,,,,
210508030594,WX-BS-1P-S-EM,8CF957200000B7B5,8956,"3 Pisces Cres, Signal Hill, Newcastle, 2940",8CF9572000000000,2B7E151628AED2A6ABF7158809CF4F3C,,,,,,
210508030595,WX-BS-1P-S-EM,8CF957200000BDD8,8957,"1 Pisces Cres, Signal Hill, Newcastle, 2940",8CF9572000000000,2B7E151628AED2A6ABF7158809CF4F3C,,,,,,
210508030596,WX-BS-1P-S-EM,8CF957200000AEBD,8952,"11 Pisces Cres, Signal Hill, Newcastle, 2940",8CF9572000000000,2B7E151628AED2A6ABF7158809CF4F3C,,,,,,
210508030597,WX-BS-1P-S-EM,8CF957200000B916,8965,"6 Star Dr, Signal Hill, Newcastle, 2940",8CF9572000000000,2B7E151628AED2A6ABF7158809CF4F3C,,,,,,
210508030598,WX-BS-1P-S-EM,8CF957200000AB21,8955,"5 Pisces Cres, Signal Hill, Newcastle, 2940",8CF9572000000000,2B7E151628AED2A6ABF7158809CF4F3C,,,,,,
210508030599,WX-BS-1P-S-EM,8CF957200000C16D,8954,"7 Pisces Cres, Signal Hill, Newcastle, 2940",8CF9572000000000,2B7E151628AED2A6ABF7158809CF4F3C,,,,,,
210508030600,WX-BS-1P-S-EM,8CF957200000B946,8964,"4 Star Dr, Signal Hill, Newcastle, 2940",8CF9572000000000,2B7E151628AED2A6ABF7158809CF4F3C,,,,,,
210508030601,WX-BS-1P-S-EM,8CF957200000A795,8968,"12 Star Dr, Signal Hill, Newcastle, 2940",8CF9572000000000,2B7E151628AED2A6ABF7158809CF4F3C,,,,,,
210508030602,WX-BS-1P-S-EM,8CF957200000AEE8,8963,"2 Aquila Ave, Signal Hill, Newcastle, 2940",8CF9572000000000,2B7E151628AED2A6ABF7158809CF4F3C,,,,,,
210508030603,WX-BS-1P-S-EM,8CF957200000BE83,,,8CF9572000000000,2B7E151628AED2A6ABF7158809CF4F3C,,,,,,
210508030604,WX-BS-1P-S-EM,8CF957200000A79D,,,8CF9572000000000,2B7E151628AED2A6ABF7158809CF4F3C,,,,,,
210508030605,WX-BS-1P-S-EM,8CF957200000C31C,,,8CF9572000000000,2B7E151628AED2A6ABF7158809CF4F3C,,,,,,
210508030606,WX-BS-1P-S-EM,8CF957200000BD69,,,8CF9572000000000,2B7E151628AED2A6ABF7158809CF4F3C,,,,,,
210508030607,WX-BS-1P-S-EM,8CF957200000BFF0,,,8CF9572000000000,2B7E151628AED2A6ABF7158809CF4F3C,,,,,,
210508030608,WX-BS-1P-S-EM,8CF957200000C44F,,,8CF9572000000000,2B7E151628AED2A6ABF7158809CF4F3C,,,,,,
210508030609,WX-BS-1P-S-EM,8CF957200000A7C1,,,8CF9572000000000,2B7E151628AED2A6ABF7158809CF4F3C,,,,,,
210508030610,WX-BS-1P-S-EM,8CF957200000B6C2,,,8CF9572000000000,2B7E151628AED2A6ABF7158809CF4F3C,,,,,,
210508030611,WX-BS-1P-S-EM,8CF957200000B6A8,,,8CF9572000000000,2B7E151628AED2A6ABF7158809CF4F3C,,,,,,
210508030612,WX-BS-1P-S-EM,8CF957200000A827,,,8CF9572000000000,2B7E151628AED2A6ABF7158809CF4F3C,,,,,,
210508030613,WX-BS-1P-S-EM,8CF957200000A2D7,,,8CF9572000000000,2B7E151628AED2A6ABF7158809CF4F3C,,,,,,
210508030614,WX-BS-1P-S-EM,8CF957200000A875,,,8CF9572000000000,2B7E151628AED2A6ABF7158809CF4F3C,,,,,,
210508030615,WX-BS-1P-S-EM,8CF957200000AF27,9028,"10 Gemini Ave, Signal Hill, Newcastle, 2940",8CF9572000000000,2B7E151628AED2A6ABF7158809CF4F3C,,,,,,
210508030616,WX-BS-1P-S-EM,8CF957200000A326,9111,"15 Gemini Ave, Signal Hill, Newcastle, 2940",8CF9572000000000,2B7E151628AED2A6ABF7158809CF4F3C,,,,,,
210508030617,WX-BS-1P-S-EM,8CF957200000B7DB,9027,"8 Gemini Ave, Signal Hill, Newcastle, 2940",8CF9572000000000,2B7E151628AED2A6ABF7158809CF4F3C,,,,,,
210508030618,WX-BS-1P-S-EM,8CF957200000A7D5,9149,"3 Gemini Ave, Signal Hill, Newcastle, 2940",8CF9572000000000,2B7E151628AED2A6ABF7158809CF4F3C,,,,,,
210508030619,WX-BS-1P-S-EM,8CF957200000A78C,9025,"4 Gemini Ave, Signal Hill, Newcastle, 2940",8CF9572000000000,2B7E151628AED2A6ABF7158809CF4F3C,,,,,,
210508030620,WX-BS-1P-S-EM,8CF957200000BB16,9146,"1 Lunar Ave, Signal Hill, Newcastle, 2940",8CF9572000000000,2B7E151628AED2A6ABF7158809CF4F3C,,,,,,
210508030621,WX-BS-1P-S-EM,8CF957200000A750,9150,"1 Gemini Ave, Signal Hill, Newcastle, 2940",8CF9572000000000,2B7E151628AED2A6ABF7158809CF4F3C,,,,,,
210508030622,WX-BS-1P-S-EM,8CF957200000A837,9024,"2 Gemini Ave, Signal Hill, Newcastle, 2940",8CF9572000000000,2B7E151628AED2A6ABF7158809CF4F3C,,,,,,
210508030623,WX-BS-1P-S-EM,8CF957200000AEC1,9029,"12 Gemini Ave, Signal Hill, Newcastle, 2940",8CF9572000000000,2B7E151628AED2A6ABF7158809CF4F3C,,,,,,
210508030624,WX-BS-1P-S-EM,8CF957200000A870,9026,"6 Gemini Ave, Signal Hill, Newcastle, 2940",8CF9572000000000,2B7E151628AED2A6ABF7158809CF4F3C,,,,,,
210508030625,WX-BS-1P-S-EM,8CF957200000B806,9147,"7 Gemini Ave, Signal Hill, Newcastle, 2940",8CF9572000000000,2B7E151628AED2A6ABF7158809CF4F3C,,,,,,
210508030626,WX-BS-1P-S-EM,8CF957200000B32A,9148,"5 Gemini Ave, Signal Hill, Newcastle, 2940",8CF9572000000000,2B7E151628AED2A6ABF7158809CF4F3C,,,,,,
210508030627,WX-BS-1P-S-EM,8CF957200000BB14,,,8CF9572000000000,2B7E151628AED2A6ABF7158809CF4F3C,,,,,,
210508030628,WX-BS-1P-S-EM,8CF957200000BA03,,,8CF9572000000000,2B7E151628AED2A6ABF7158809CF4F3C,,,,,,
210508030629,WX-BS-1P-S-EM,8CF957200000A825,,,8CF9572000000000,2B7E151628AED2A6ABF7158809CF4F3C,,,,,,
210508030630,WX-BS-1P-S-EM,8CF957200000BA2A,,,8CF9572000000000,2B7E151628AED2A6ABF7158809CF4F3C,,,,,,
210508030631,WX-BS-1P-S-EM,8CF957200000C261,,,8CF9572000000000,2B7E151628AED2A6ABF7158809CF4F3C,,,,,,
210508030632,WX-BS-1P-S-EM,8CF957200000B2BF,,,8CF9572000000000,2B7E151628AED2A6ABF7158809CF4F3C,,,,,,
210508030633,WX-BS-1P-S-EM,8CF957200000BB2A,,,8CF9572000000000,2B7E151628AED2A6ABF7158809CF4F3C,,,,,,
210508030634,WX-BS-1P-S-EM,8CF957200000B7E7,,,8CF9572000000000,2B7E151628AED2A6ABF7158809CF4F3C,,,,,,
210508030635,WX-BS-1P-S-EM,8CF957200000A7A7,,,8CF9572000000000,2B7E151628AED2A6ABF7158809CF4F3C,,,,,,
210508030636,WX-BS-1P-S-EM,8CF957200000BF01,,,8CF9572000000000,2B7E151628AED2A6ABF7158809CF4F3C,,,,,,
210508030637,WX-BS-1P-S-EM,8CF957200000B2AA,,,8CF9572000000000,2B7E151628AED2A6ABF7158809CF4F3C,,,,,,
210508030638,WX-BS-1P-S-EM,8CF957200000C663,,,8CF9572000000000,2B7E151628AED2A6ABF7158809CF4F3C,,,,,,
210508030639,WX-BS-1P-S-EM,8CF957200000BD13,9197,"21 Milky Way, Signal Hill, Newcastle, 2940",8CF9572000000000,2B7E151628AED2A6ABF7158809CF4F3C,,,,,,
210508030640,WX-BS-1P-S-EM,8CF957200000B6B5,6,"7 Moon Ave, Signal Hill, Newcastle, 2940",8CF9572000000000,2B7E151628AED2A6ABF7158809CF4F3C,,,,,,
210508030641,WX-BS-1P-S-EM,8CF957200000A877,9198,"19 Milky Way, Signal Hill, Newcastle, 2940",8CF9572000000000,2B7E151628AED2A6ABF7158809CF4F3C,,,,,,
210508030642,WX-BS-1P-S-EM,8CF957200000A93B,7311,"8 Moon Ave, Signal Hill, Newcastle, 2940",8CF9572000000000,2B7E151628AED2A6ABF7158809CF4F3C,,,,,,
210508030643,WX-BS-1P-S-EM,8CF957200000AC48,7760,"12-15 Moon Ave, Signal Hill, Newcastle, 2940",8CF9572000000000,2B7E151628AED2A6ABF7158809CF4F3C,,,,,,
210508030644,WX-BS-1P-S-EM,8CF957200000AF01,7318,"13 Moon Ave, Signal Hill, Newcastle, 2940",8CF9572000000000,2B7E151628AED2A6ABF7158809CF4F3C,,,,,,
210508030645,WX-BS-1P-S-EM,8CF957200000AB1D,7314,"5 Moon Ave, Signal Hill, Newcastle, 2940",8CF9572000000000,2B7E151628AED2A6ABF7158809CF4F3C,,,,,,
210508030646,WX-BS-1P-S-EM,8CF957200000BA18,9343,"24 Milky Way, Signal Hill, Newcastle, 2940",8CF9572000000000,2B7E151628AED2A6ABF7158809CF4F3C,,,,,,
210508030647,WX-BS-1P-S-EM,8CF957200000B6BE,9414,"14 Uranus Str, Signal Hill, Newcastle, 2940",8CF9572000000000,2B7E151628AED2A6ABF7158809CF4F3C,,,,,,
210508030648,WX-BS-1P-S-EM,8CF957200000C49A,9419,"24 Uranus Cres, Signal Hill, Newcastle, 2940",8CF9572000000000,2B7E151628AED2A6ABF7158809CF4F3C,,,,,,
210508030649,WX-BS-1P-S-EM,8CF957200000C168,9415,"16 Uranus Cres, Signal Hill, Newcastle, 2940",8CF9572000000000,2B7E151628AED2A6ABF7158809CF4F3C,,,,,,
210508030650,WX-BS-1P-S-EM,8CF957200000BB5C,7317,"11 Moon Ave, Signal Hill, Newcastle, 2940",8CF9572000000000,2B7E151628AED2A6ABF7158809CF4F3C,,,,,,
210508030651,WX-BS-1P-S-EM,8CF957200000BAFF,9165,"71 Milky Way, Signal Hill, Newcastle, 2940",8CF9572000000000,2B7E151628AED2A6ABF7158809CF4F3C,,,,,,
210508030652,WX-BS-1P-S-EM,8CF957200000C471,9386,"50 Milky Way, Signal Hill, Newcastle, 2940",8CF9572000000000,2B7E151628AED2A6ABF7158809CF4F3C,,,,,,
210508030653,WX-BS-1P-S-EM,8CF957200000AC58,15608,"2 Mountain View, Signal Hill, Newcastle, 2940",8CF9572000000000,2B7E151628AED2A6ABF7158809CF4F3C,,,,,,
210508030654,WX-BS-1P-S-EM,8CF957200000BE9C,15608,"4 Mountain View, Signal Hill, Newcastle, 2940",8CF9572000000000,2B7E151628AED2A6ABF7158809CF4F3C,,,,,,
210508030655,WX-BS-1P-S-EM,8CF957200000C0BA,0,"Milky Way, Signal Hill, Newcastle, 2940",8CF9572000000000,2B7E151628AED2A6ABF7158809CF4F3C,,,,,,
210508030656,WX-BS-1P-S-EM,8CF957200000AFA3,9193,"3 Ceberus, Signal Hill, Newcastle, 2940",8CF9572000000000,2B7E151628AED2A6ABF7158809CF4F3C,,,,,,
210508030657,WX-BS-1P-S-EM,8CF957200000BAF9,9377,"66 Milky Way, Signal Hill, Newcastle, 2940",8CF9572000000000,2B7E151628AED2A6ABF7158809CF4F3C,,,,,,
210508030658,WX-BS-1P-S-EM,8CF957200000BAEA,15608,"5 Mountain View Flat, Signal Hill, Newcastle, 2940",8CF9572000000000,2B7E151628AED2A6ABF7158809CF4F3C,,,,,,
210508030659,WX-BS-1P-S-EM,8CF957200000A792,,,8CF9572000000000,2B7E151628AED2A6ABF7158809CF4F3C,,,,,,
210508030660,WX-BS-1P-S-EM,8CF957200000A81B,9373,"83 Milky Way, Signal Hill, Newcastle, 2940",8CF9572000000000,2B7E151628AED2A6ABF7158809CF4F3C,,,,,,
210508030661,WX-BS-1P-S-EM,8CF957200000BD28,14161,"44509 Milky Way, Signal Hill, Newcastle, 2940",8CF9572000000000,2B7E151628AED2A6ABF7158809CF4F3C,,,,,,
210508030662,WX-BS-1P-S-EM,8CF957200000ABFE,15608,"3 Mountain View, Signal Hill, Newcastle, 2940",8CF9572000000000,2B7E151628AED2A6ABF7158809CF4F3C,,,,,,
210508030663,WX-BS-1P-S-EM,8CF957200000C44D,9210,"14 Pluto, Signal Hill, Newcastle, 2940",8CF9572000000000,2B7E151628AED2A6ABF7158809CF4F3C,,,,,,
210508030664,WX-BS-1P-S-EM,8CF957200000A822,9211,"16 Pluto, Signal Hill, Newcastle, 2940",8CF9572000000000,2B7E151628AED2A6ABF7158809CF4F3C,,,,,,
210508030665,WX-BS-1P-S-EM,8CF957200000AC46,,,8CF9572000000000,2B7E151628AED2A6ABF7158809CF4F3C,,,,,,
210508030666,WX-BS-1P-S-EM,8CF957200000B6A5,,,8CF9572000000000,2B7E151628AED2A6ABF7158809CF4F3C,,,,,,
210508030667,WX-BS-1P-S-EM,8CF957200000BB29,9213,"20 Pluto, Signal Hill, Newcastle, 2940",8CF9572000000000,2B7E151628AED2A6ABF7158809CF4F3C,,,,,,
210508030668,WX-BS-1P-S-EM,8CF957200000BFFF,,,8CF9572000000000,2B7E151628AED2A6ABF7158809CF4F3C,,,,,,
210508030669,WX-BS-1P-S-EM,8CF957200000BDD0,0,"Pluto, Signal Hill, Newcastle, 2940",8CF9572000000000,2B7E151628AED2A6ABF7158809CF4F3C,,,,,,
210508030670,WX-BS-1P-S-EM,8CF957200000C2E9,9219,"23 Pluto, Signal Hill, Newcastle, 2940",8CF9572000000000,2B7E151628AED2A6ABF7158809CF4F3C,,,,,,
210508030671,WX-BS-1P-S-EM,8CF957200000BEC4,9238,"12 Jupiter, Signal Hill, Newcastle, 2940",8CF9572000000000,2B7E151628AED2A6ABF7158809CF4F3C,,,,,,
210508030672,WX-BS-1P-S-EM,8CF957200000AF73,9235,"6 Jupiter, Signal Hill, Newcastle, 2940",8CF9572000000000,2B7E151628AED2A6ABF7158809CF4F3C,,,,,,
210508030673,WX-BS-1P-S-EM,8CF957200000A769,,,8CF9572000000000,2B7E151628AED2A6ABF7158809CF4F3C,,,,,,
210508030674,WX-BS-1P-S-EM,8CF957200000B63E,9216,"29 Pluto, Signal Hill, Newcastle, 2940",8CF9572000000000,2B7E151628AED2A6ABF7158809CF4F3C,,,,,,
210508030675,WX-BS-1P-S-EM,8CF957200000BBDB,9185,"31 Milky Way, Signal Hill, Newcastle, 2940",8CF9572000000000,2B7E151628AED2A6ABF7158809CF4F3C,,,,,,
210508030676,WX-BS-1P-S-EM,8CF957200000B641,,,8CF9572000000000,2B7E151628AED2A6ABF7158809CF4F3C,,,,,,
210508030677,WX-BS-1P-S-EM,8CF957200000BBDC,9370,"89 Milky Way, Signal Hill, Newcastle, 2940",8CF9572000000000,2B7E151628AED2A6ABF7158809CF4F3C,,,,,,
210508030678,WX-BS-1P-S-EM,8CF957200000BB64,15486,"22 - 24 Erica, Signal Hill, Newcastle, 2940",8CF9572000000000,2B7E151628AED2A6ABF7158809CF4F3C,,,,,,
210508030679,WX-BS-1P-S-EM,8CF957200000B727,9407,"7 Jupiter, Signal Hill, Newcastle, 2940",8CF9572000000000,2B7E151628AED2A6ABF7158809CF4F3C,,,,,,
210508030680,WX-BS-1P-S-EM,8CF957200000A828,,,8CF9572000000000,2B7E151628AED2A6ABF7158809CF4F3C,,,,,,
210508030681,WX-BS-1P-S-EM,8CF957200000B02F,,,8CF9572000000000,2B7E151628AED2A6ABF7158809CF4F3C,,,,,,
210508030682,WX-BS-1P-S-EM,8CF957200000B807,,,8CF9572000000000,2B7E151628AED2A6ABF7158809CF4F3C,,,,,,
210508030683,WX-BS-1P-S-EM,8CF957200000BE69,,,8CF9572000000000,2B7E151628AED2A6ABF7158809CF4F3C,,,,,,
210508030684,WX-BS-1P-S-EM,8CF957200000B7F9,9186,"29 Milky Way, Signal Hill, Newcastle, 2940",8CF9572000000000,2B7E151628AED2A6ABF7158809CF4F3C,,,,,,
210508030685,WX-BS-1P-S-EM,8CF957200000C2FD,9217,"27 Pluto, Signal Hill, Newcastle, 2940",8CF9572000000000,2B7E151628AED2A6ABF7158809CF4F3C,,,,,,
210508030686,WX-BS-1P-S-EM,8CF957200000A79E,,,8CF9572000000000,2B7E151628AED2A6ABF7158809CF4F3C,,,,,,
210508030687,WX-BS-1P-S-EM,8CF957200000B7A8,,,8CF9572000000000,2B7E151628AED2A6ABF7158809CF4F3C,,,,,,
210508030688,WX-BS-1P-S-EM,8CF957200000B63F,,,8CF9572000000000,2B7E151628AED2A6ABF7158809CF4F3C,,,,,,
210508030689,WX-BS-1P-S-EM,8CF957200000A88C,,,8CF9572000000000,2B7E151628AED2A6ABF7158809CF4F3C,,,,,,
210508030690,WX-BS-1P-S-EM,8CF957200000BD38,,,8CF9572000000000,2B7E151628AED2A6ABF7158809CF4F3C,,,,,,
210508030692,WX-BS-1P-S-EM,8CF957200000BC4E,,,8CF9572000000000,2B7E151628AED2A6ABF7158809CF4F3C,,,,,,
210508030695,WX-BS-1P-S-EM,8CF957200000C2DE,,,8CF9572000000000,2B7E151628AED2A6ABF7158809CF4F3C,,,,,,
210508030696,WX-BS-1P-S-EM,8CF957200000B7CF,,,8CF9572000000000,2B7E151628AED2A6ABF7158809CF4F3C,,,,,,
210508030697,WX-BS-1P-S-EM,8CF957200000C943,,,8CF9572000000000,2B7E151628AED2A6ABF7158809CF4F3C,,,,,,
210508030698,WX-BS-1P-S-EM,8CF957200000A6AC,,,8CF9572000000000,2B7E151628AED2A6ABF7158809CF4F3C,,,,,,
210508030699,WX-BS-1P-S-EM,8CF957200000BB02,9392,"62 Milky Way, Signal Hill, Newcastle, 2940",8CF9572000000000,2B7E151628AED2A6ABF7158809CF4F3C,,,,,,
210508030700,WX-BS-1P-S-EM,8CF957200000AF04,9177,"47 Milky Way, Signal Hill, Newcastle, 2940",8CF9572000000000,2B7E151628AED2A6ABF7158809CF4F3C,,,,,,
210508030701,WX-BS-1P-S-EM,8CF957200000AB1E,9168,"65 Milky Way, Signal Hill, Newcastle, 2940",8CF9572000000000,2B7E151628AED2A6ABF7158809CF4F3C,,,,,,
210508030702,WX-BS-1P-S-EM,8CF957200000A836,9391,"60 Milky Way, Signal Hill, Newcastle, 2940",8CF9572000000000,2B7E151628AED2A6ABF7158809CF4F3C,,,,,,
210508030703,WX-BS-1P-S-EM,8CF957200000A7A6,9170,"61 Milky Way, Signal Hill, Newcastle, 2940",8CF9572000000000,2B7E151628AED2A6ABF7158809CF4F3C,,,,,,
210508030704,WX-BS-1P-S-EM,8CF957200000AF8F,9171,"59 Milky Way, Signal Hill, Newcastle, 2940",8CF9572000000000,2B7E151628AED2A6ABF7158809CF4F3C,,,,,,
210508030705,WX-BS-1P-S-EM,8CF957200000A7A4,9389,"56 Milky Way, Signal Hill, Newcastle, 2940",8CF9572000000000,2B7E151628AED2A6ABF7158809CF4F3C,,,,,,
210508030706,WX-BS-1P-S-EM,8CF957200000AB2C,9388,"54 Milky Way, Signal Hill, Newcastle, 2940",8CF9572000000000,2B7E151628AED2A6ABF7158809CF4F3C,,,,,,
210508030707,WX-BS-1P-S-EM,8CF957200000B7D5,9178,"45 Milky Way, Signal Hill, Newcastle, 2940",8CF9572000000000,2B7E151628AED2A6ABF7158809CF4F3C,,,,,,
210508030708,WX-BS-1P-S-EM,8CF957200000A935,9390,"58 Milky Way, Signal Hill, Newcastle, 2940",8CF9572000000000,2B7E151628AED2A6ABF7158809CF4F3C,,,,,,
210508030709,WX-BS-1P-S-EM,8CF957200000A87C,9179,"43 Milky Way, Signal Hill, Newcastle, 2940",8CF9572000000000,2B7E151628AED2A6ABF7158809CF4F3C,,,,,,
210508030710,WX-BS-1P-S-EM,8CF957200000B7AA,9172,"57 Milky Way, Signal Hill, Newcastle, 2940",8CF9572000000000,2B7E151628AED2A6ABF7158809CF4F3C,,,,,,
210508030230,,8cf957200000a32b,3,Lab Test Meter ,8CF9572000000000,2B7E151628AED2A6ABF7158809CF4F3C,,,,,,
